pair,key,layer_idx,rel_depth,sub_module,shape,numel,norm_llm,norm_delta,rel_diff
qwen25,lm_head.weight,-1,-1.0,lm_head,152064x3584,544997376,252.6208953857422,188.09957885742188,0.74459232111501
qwen25,model.layers.22.mlp.down_proj.weight,22,0.8148148148148148,mlp.down_proj,3584x18944,67895296,137.9902801513672,74.2724380493164,0.5382439833287093
qwen25,model.layers.23.input_layernorm.weight,23,0.8518518518518519,input_layernorm,3584,3584,58.69769287109375,0.887477457523346,0.015119460648518825
qwen25,model.layers.23.mlp.down_proj.weight,23,0.8518518518518519,mlp.down_proj,3584x18944,67895296,137.8665771484375,73.31581115722656,0.5317881438246578
qwen25,model.layers.23.mlp.gate_proj.weight,23,0.8518518518518519,mlp.gate_proj,18944x3584,67895296,137.11077880859375,81.62202453613281,0.5952998388994415
qwen25,model.layers.23.mlp.up_proj.weight,23,0.8518518518518519,mlp.up_proj,18944x3584,67895296,140.54798889160156,82.15142059326172,0.5845079765361956
qwen25,model.layers.23.post_attention_layernorm.weight,23,0.8518518518518519,post_attention_layernorm,3584,3584,85.10198211669922,1.7177268266677856,0.02018433394785435
qwen25,model.layers.23.self_attn.k_proj.bias,23,0.8518518518518519,self_attn.k_proj.bias,512,512,15.486348152160645,2.058189630508423,0.13290348442936598
qwen25,model.layers.23.self_attn.k_proj.weight,23,0.8518518518518519,self_attn.k_proj,512x3584,1835008,20.537921905517578,12.327903747558594,0.6002507850731803
qwen25,model.layers.23.self_attn.o_proj.weight,23,0.8518518518518519,self_attn.o_proj,3584x3584,12845056,64.91265869140625,33.43883514404297,0.5151358119994848
qwen25,model.layers.23.self_attn.q_proj.bias,23,0.8518518518518519,self_attn.q_proj.bias,3584,3584,75.45263671875,0.8167396783828735,0.010824534620669042
qwen25,model.layers.23.self_attn.q_proj.weight,23,0.8518518518518519,self_attn.q_proj,3584x3584,12845056,59.45966339111328,42.70683670043945,0.7182488810863724
qwen25,model.layers.23.self_attn.v_proj.bias,23,0.8518518518518519,self_attn.v_proj.bias,512,512,7.376205921173096,0.0747266411781311,0.01013076939238252
qwen25,model.layers.23.self_attn.v_proj.weight,23,0.8518518518518519,self_attn.v_proj,512x3584,1835008,27.5555477142334,11.226154327392578,0.4074008778128507
qwen25,model.layers.24.input_layernorm.weight,24,0.8888888888888888,input_layernorm,3584,3584,61.168724060058594,0.8266588449478149,0.013514403931920483
qwen25,model.layers.24.mlp.down_proj.weight,24,0.8888888888888888,mlp.down_proj,3584x18944,67895296,140.046142578125,74.7094955444336,0.5334634297603503
qwen25,model.layers.24.mlp.gate_proj.weight,24,0.8888888888888888,mlp.gate_proj,18944x3584,67895296,134.7144012451172,79.6141357421875,0.590984594121656
qwen25,model.layers.24.mlp.up_proj.weight,24,0.8888888888888888,mlp.up_proj,18944x3584,67895296,141.9132537841797,81.3550796508789,0.5732733023978361
qwen25,model.layers.24.post_attention_layernorm.weight,24,0.8888888888888888,post_attention_layernorm,3584,3584,88.25456237792969,1.7327574491500854,0.019633630290182096
qwen25,model.layers.24.self_attn.k_proj.bias,24,0.8888888888888888,self_attn.k_proj.bias,512,512,15.423946380615234,1.610007405281067,0.1043836230722715
qwen25,model.layers.24.self_attn.k_proj.weight,24,0.8888888888888888,self_attn.k_proj,512x3584,1835008,19.462905883789062,11.768062591552734,0.604640574322179
qwen25,model.layers.24.self_attn.o_proj.weight,24,0.8888888888888888,self_attn.o_proj,3584x3584,12845056,65.2364273071289,36.08599090576172,0.5531570687626898
qwen25,model.layers.24.self_attn.q_proj.bias,24,0.8888888888888888,self_attn.q_proj.bias,3584,3584,93.6589126586914,0.5724873542785645,0.006112470645103507
qwen25,model.layers.24.self_attn.q_proj.weight,24,0.8888888888888888,self_attn.q_proj,3584x3584,12845056,56.73692321777344,42.365386962890625,0.7466987027174434
qwen25,model.layers.24.self_attn.v_proj.bias,24,0.8888888888888888,self_attn.v_proj.bias,512,512,7.154875755310059,0.06233439967036247,0.008712156828733247
qwen25,model.layers.24.self_attn.v_proj.weight,24,0.8888888888888888,self_attn.v_proj,512x3584,1835008,31.0537109375,11.872106552124023,0.38230878673464574
qwen25,model.layers.25.input_layernorm.weight,25,0.9259259259259259,input_layernorm,3584,3584,63.05812454223633,0.762755811214447,0.012096075117228601
qwen25,model.layers.25.mlp.down_proj.weight,25,0.9259259259259259,mlp.down_proj,3584x18944,67895296,142.7832489013672,78.45098876953125,0.5494411240335635
qwen25,model.layers.25.mlp.gate_proj.weight,25,0.9259259259259259,mlp.gate_proj,18944x3584,67895296,133.32717895507812,77.82612609863281,0.5837228891256654
qwen25,model.layers.25.mlp.up_proj.weight,25,0.9259259259259259,mlp.up_proj,18944x3584,67895296,143.4039306640625,82.2823486328125,0.5737802879724881
qwen25,model.layers.25.post_attention_layernorm.weight,25,0.9259259259259259,post_attention_layernorm,3584,3584,96.76622009277344,2.1066482067108154,0.021770491858533816
qwen25,model.layers.25.self_attn.k_proj.bias,25,0.9259259259259259,self_attn.k_proj.bias,512,512,17.143930435180664,2.3727362155914307,0.138400947470155
qwen25,model.layers.25.self_attn.k_proj.weight,25,0.9259259259259259,self_attn.k_proj,512x3584,1835008,17.700407028198242,11.908547401428223,0.6727838169177072
qwen25,model.layers.25.self_attn.o_proj.weight,25,0.9259259259259259,self_attn.o_proj,3584x3584,12845056,68.80322265625,36.617889404296875,0.5322118352979582
qwen25,model.layers.25.self_attn.q_proj.bias,25,0.9259259259259259,self_attn.q_proj.bias,3584,3584,77.20738983154297,0.7163959741592407,0.00927885239641346
qwen25,model.layers.25.self_attn.q_proj.weight,25,0.9259259259259259,self_attn.q_proj,3584x3584,12845056,55.260555267333984,42.54665756225586,0.7699281586373481
qwen25,model.layers.25.self_attn.v_proj.bias,25,0.9259259259259259,self_attn.v_proj.bias,512,512,9.366129875183105,0.10651019215583801,0.011371846597819653
qwen25,model.layers.25.self_attn.v_proj.weight,25,0.9259259259259259,self_attn.v_proj,512x3584,1835008,33.9321174621582,12.995105743408203,0.38297361660086826
qwen25,model.layers.26.input_layernorm.weight,26,0.9629629629629629,input_layernorm,3584,3584,74.450439453125,1.243645429611206,0.01670433967544573
qwen25,model.layers.26.mlp.down_proj.weight,26,0.9629629629629629,mlp.down_proj,3584x18944,67895296,142.70848083496094,81.65615844726562,0.5721885480772448
qwen25,model.layers.26.mlp.gate_proj.weight,26,0.9629629629629629,mlp.gate_proj,18944x3584,67895296,133.3563690185547,81.64710998535156,0.6122475483266308
qwen25,model.layers.26.mlp.up_proj.weight,26,0.9629629629629629,mlp.up_proj,18944x3584,67895296,144.85986328125,84.36481475830078,0.5823891645852505
qwen25,model.layers.26.post_attention_layernorm.weight,26,0.9629629629629629,post_attention_layernorm,3584,3584,96.43370819091797,1.8147085905075073,0.01881819775005204
qwen25,model.layers.26.self_attn.k_proj.bias,26,0.9629629629629629,self_attn.k_proj.bias,512,512,13.500542640686035,3.0336544513702393,0.22470611234750212
qwen25,model.layers.26.self_attn.k_proj.weight,26,0.9629629629629629,self_attn.k_proj,512x3584,1835008,16.942716598510742,11.582170486450195,0.6836076386633454
qwen25,model.layers.26.self_attn.o_proj.weight,26,0.9629629629629629,self_attn.o_proj,3584x3584,12845056,71.5584487915039,36.598915100097656,0.5114548417159516
qwen25,model.layers.26.self_attn.q_proj.bias,26,0.9629629629629629,self_attn.q_proj.bias,3584,3584,82.6484146118164,0.6579576134681702,0.007960922378952696
qwen25,model.layers.26.self_attn.q_proj.weight,26,0.9629629629629629,self_attn.q_proj,3584x3584,12845056,51.71805191040039,41.80003356933594,0.8082290810518723
qwen25,model.layers.26.self_attn.v_proj.bias,26,0.9629629629629629,self_attn.v_proj.bias,512,512,9.000923156738281,0.09397119283676147,0.010440172768991217
qwen25,model.layers.26.self_attn.v_proj.weight,26,0.9629629629629629,self_attn.v_proj,512x3584,1835008,40.575130462646484,15.866506576538086,0.3910401863314971
qwen25,model.layers.27.input_layernorm.weight,27,1.0,input_layernorm,3584,3584,90.04376220703125,1.7460633516311646,0.019391274962684973
qwen25,model.layers.27.mlp.down_proj.weight,27,1.0,mlp.down_proj,3584x18944,67895296,132.4913787841797,78.69237518310547,0.5939433637511654
qwen25,model.layers.27.mlp.gate_proj.weight,27,1.0,mlp.gate_proj,18944x3584,67895296,138.70877075195312,80.41741943359375,0.5797572784881839
qwen25,model.layers.27.mlp.up_proj.weight,27,1.0,mlp.up_proj,18944x3584,67895296,143.99021911621094,82.26172637939453,0.5713007930976418
qwen25,model.layers.27.post_attention_layernorm.weight,27,1.0,post_attention_layernorm,3584,3584,129.33680725097656,1.245413899421692,0.009629230270119324
qwen25,model.layers.27.self_attn.k_proj.bias,27,1.0,self_attn.k_proj.bias,512,512,920.4673461914062,4.174936771392822,0.0045356706988763365
qwen25,model.layers.27.self_attn.k_proj.weight,27,1.0,self_attn.k_proj,512x3584,1835008,18.00940704345703,12.723858833312988,0.7065118136654962
qwen25,model.layers.27.self_attn.o_proj.weight,27,1.0,self_attn.o_proj,3584x3584,12845056,66.82128143310547,34.213138580322266,0.512009614999271
qwen25,model.layers.27.self_attn.q_proj.bias,27,1.0,self_attn.q_proj.bias,3584,3584,180.87464904785156,0.6117633581161499,0.003382250422248526
qwen25,model.layers.27.self_attn.q_proj.weight,27,1.0,self_attn.q_proj,3584x3584,12845056,56.59437561035156,42.48678970336914,0.7507245948941607
qwen25,model.layers.27.self_attn.v_proj.bias,27,1.0,self_attn.v_proj.bias,512,512,29.78465461730957,0.1284821331501007,0.0043137023007623655
qwen25,model.layers.27.self_attn.v_proj.weight,27,1.0,self_attn.v_proj,512x3584,1835008,36.67457962036133,18.125450134277344,0.4942238008425403
qwen25,model.norm.weight,-1,-1.0,final_norm,3584,3584,233.3655242919922,7.87962007522583,0.03376514204114688
qwen25,model.embed_tokens.weight,-1,-1.0,embed_tokens,152064x3584,544997376,285.3244323730469,188.18356323242188,0.6595424081537526
qwen25,model.layers.0.input_layernorm.weight,0,0.0,input_layernorm,3584,3584,17.0172061920166,0.5501095056533813,0.03232666393332285
qwen25,model.layers.0.mlp.down_proj.weight,0,0.0,mlp.down_proj,3584x18944,67895296,114.60125732421875,76.11410522460938,0.6641646610322498
qwen25,model.layers.0.mlp.gate_proj.weight,0,0.0,mlp.gate_proj,18944x3584,67895296,125.9569320678711,81.7832260131836,0.6492951572456149
qwen25,model.layers.0.mlp.up_proj.weight,0,0.0,mlp.up_proj,18944x3584,67895296,108.0264663696289,79.73272705078125,0.7380851168264975
qwen25,model.layers.0.post_attention_layernorm.weight,0,0.0,post_attention_layernorm,3584,3584,16.737714767456055,1.1769975423812866,0.07032008602929353
qwen25,model.layers.0.self_attn.k_proj.bias,0,0.0,self_attn.k_proj.bias,512,512,604.6566162109375,9.558004379272461,0.01580732621296267
qwen25,model.layers.0.self_attn.k_proj.weight,0,0.0,self_attn.k_proj,512x3584,1835008,37.19898223876953,10.476998329162598,0.28164744567240496
qwen25,model.layers.0.self_attn.o_proj.weight,0,0.0,self_attn.o_proj,3584x3584,12845056,44.56557846069336,24.030488967895508,0.53921635930498
qwen25,model.layers.0.self_attn.q_proj.bias,0,0.0,self_attn.q_proj.bias,3584,3584,177.5105743408203,2.1442043781280518,0.01207930505599728
qwen25,model.layers.0.self_attn.q_proj.weight,0,0.0,self_attn.q_proj,3584x3584,12845056,74.50946044921875,36.198326110839844,0.48582187943114263
qwen25,model.layers.0.self_attn.v_proj.bias,0,0.0,self_attn.v_proj.bias,512,512,4.333022117614746,0.14813381433486938,0.03418718167458017
qwen25,model.layers.0.self_attn.v_proj.weight,0,0.0,self_attn.v_proj,512x3584,1835008,12.190473556518555,5.708888053894043,0.46830732435667816
qwen25,model.layers.1.input_layernorm.weight,1,0.037037037037037035,input_layernorm,3584,3584,12.363101959228516,0.9669361114501953,0.07821144844060918
qwen25,model.layers.1.mlp.down_proj.weight,1,0.037037037037037035,mlp.down_proj,3584x18944,67895296,100.82929229736328,57.750831604003906,0.5727584741315704
qwen25,model.layers.1.mlp.gate_proj.weight,1,0.037037037037037035,mlp.gate_proj,18944x3584,67895296,122.61356353759766,69.48869323730469,0.5667292527224934
qwen25,model.layers.1.mlp.up_proj.weight,1,0.037037037037037035,mlp.up_proj,18944x3584,67895296,100.75936889648438,64.072265625,0.6358938759414516
qwen25,model.layers.1.post_attention_layernorm.weight,1,0.037037037037037035,post_attention_layernorm,3584,3584,46.6443977355957,2.765019178390503,0.05927869824933844
qwen25,model.layers.1.self_attn.k_proj.bias,1,0.037037037037037035,self_attn.k_proj.bias,512,512,158.273681640625,2.9947142601013184,0.018921113283389045
qwen25,model.layers.1.self_attn.k_proj.weight,1,0.037037037037037035,self_attn.k_proj,512x3584,1835008,29.88985252380371,15.067134857177734,0.5040886315908903
qwen25,model.layers.1.self_attn.o_proj.weight,1,0.037037037037037035,self_attn.o_proj,3584x3584,12845056,51.73581314086914,31.648284912109375,0.6117287617754392
qwen25,model.layers.1.self_attn.q_proj.bias,1,0.037037037037037035,self_attn.q_proj.bias,3584,3584,57.64816665649414,1.1070985794067383,0.01920440221461964
qwen25,model.layers.1.self_attn.q_proj.weight,1,0.037037037037037035,self_attn.q_proj,3584x3584,12845056,56.71851348876953,37.52495193481445,0.6615997075142762
qwen25,model.layers.1.self_attn.v_proj.bias,1,0.037037037037037035,self_attn.v_proj.bias,512,512,2.000793933868408,0.040296521037817,0.020140265499459124
qwen25,model.layers.1.self_attn.v_proj.weight,1,0.037037037037037035,self_attn.v_proj,512x3584,1835008,18.311481475830078,9.966914176940918,0.5442986243410493
qwen25,model.layers.2.input_layernorm.weight,2,0.07407407407407407,input_layernorm,3584,3584,26.16549301147461,1.1332485675811768,0.04331080507767242
qwen25,model.layers.2.mlp.down_proj.weight,2,0.07407407407407407,mlp.down_proj,3584x18944,67895296,114.77550506591797,63.907039642333984,0.5568003347546224
qwen25,model.layers.2.mlp.gate_proj.weight,2,0.07407407407407407,mlp.gate_proj,18944x3584,67895296,137.99209594726562,78.36128234863281,0.5678679043948935
qwen25,model.layers.2.mlp.up_proj.weight,2,0.07407407407407407,mlp.up_proj,18944x3584,67895296,111.89690399169922,72.57832336425781,0.6486177970539904
qwen25,model.layers.2.post_attention_layernorm.weight,2,0.07407407407407407,post_attention_layernorm,3584,3584,47.727813720703125,2.8909389972686768,0.060571368598320276
qwen25,model.layers.2.self_attn.k_proj.bias,2,0.07407407407407407,self_attn.k_proj.bias,512,512,64.38502502441406,2.14144229888916,0.03325994356726816
qwen25,model.layers.2.self_attn.k_proj.weight,2,0.07407407407407407,self_attn.k_proj,512x3584,1835008,31.770132064819336,14.975183486938477,0.47136044182583836
qwen25,model.layers.2.self_attn.o_proj.weight,2,0.07407407407407407,self_attn.o_proj,3584x3584,12845056,50.620033264160156,30.457857131958008,0.6016957154692881
qwen25,model.layers.2.self_attn.q_proj.bias,2,0.07407407407407407,self_attn.q_proj.bias,3584,3584,58.40727615356445,1.0691347122192383,0.01830482060845071
qwen25,model.layers.2.self_attn.q_proj.weight,2,0.07407407407407407,self_attn.q_proj,3584x3584,12845056,65.34935760498047,41.11509323120117,0.6291583381696114
qwen25,model.layers.2.self_attn.v_proj.bias,2,0.07407407407407407,self_attn.v_proj.bias,512,512,1.252776026725769,0.05982187017798424,0.047751448704149865
qwen25,model.layers.2.self_attn.v_proj.weight,2,0.07407407407407407,self_attn.v_proj,512x3584,1835008,14.764898300170898,8.836254119873047,0.5984635952264412
qwen25,model.layers.3.input_layernorm.weight,3,0.1111111111111111,input_layernorm,3584,3584,23.13264274597168,1.3318521976470947,0.05757458031374403
qwen25,model.layers.3.mlp.down_proj.weight,3,0.1111111111111111,mlp.down_proj,3584x18944,67895296,130.33242797851562,73.25345611572266,0.5620508821319432
qwen25,model.layers.3.mlp.gate_proj.weight,3,0.1111111111111111,mlp.gate_proj,18944x3584,67895296,152.46224975585938,86.23722839355469,0.5656300397747506
qwen25,model.layers.3.mlp.up_proj.weight,3,0.1111111111111111,mlp.up_proj,18944x3584,67895296,131.45130920410156,80.50801086425781,0.6124549945657429
qwen25,model.layers.3.post_attention_layernorm.weight,3,0.1111111111111111,post_attention_layernorm,3584,3584,66.63565063476562,2.8632924556732178,0.042969377929047495
qwen25,model.layers.3.self_attn.k_proj.bias,3,0.1111111111111111,self_attn.k_proj.bias,512,512,118.2458267211914,2.8414509296417236,0.024030031405180185
qwen25,model.layers.3.self_attn.k_proj.weight,3,0.1111111111111111,self_attn.k_proj,512x3584,1835008,32.4260139465332,15.995967864990234,0.4933066361892572
qwen25,model.layers.3.self_attn.o_proj.weight,3,0.1111111111111111,self_attn.o_proj,3584x3584,12845056,53.04636001586914,28.45000457763672,0.5363234078478849
qwen25,model.layers.3.self_attn.q_proj.bias,3,0.1111111111111111,self_attn.q_proj.bias,3584,3584,65.5036392211914,0.7133655548095703,0.010890472091187047
qwen25,model.layers.3.self_attn.q_proj.weight,3,0.1111111111111111,self_attn.q_proj,3584x3584,12845056,67.8528823852539,42.940738677978516,0.6328506198774334
qwen25,model.layers.3.self_attn.v_proj.bias,3,0.1111111111111111,self_attn.v_proj.bias,512,512,4.126330852508545,0.05790720880031586,0.014033583556469298
qwen25,model.layers.3.self_attn.v_proj.weight,3,0.1111111111111111,self_attn.v_proj,512x3584,1835008,17.251144409179688,8.547368049621582,0.4954667265479125
qwen25,model.layers.4.input_layernorm.weight,4,0.14814814814814814,input_layernorm,3584,3584,31.54090118408203,1.7797534465789795,0.05642684196598606
qwen25,model.layers.4.mlp.down_proj.weight,4,0.14814814814814814,mlp.down_proj,3584x18944,67895296,127.9095687866211,73.50273132324219,0.5746460723814927
qwen25,model.layers.4.mlp.gate_proj.weight,4,0.14814814814814814,mlp.gate_proj,18944x3584,67895296,155.566162109375,86.85384368896484,0.558308069770982
qwen25,model.layers.4.mlp.up_proj.weight,4,0.14814814814814814,mlp.up_proj,18944x3584,67895296,128.7771453857422,78.61991882324219,0.6105114272236908
qwen25,model.layers.4.post_attention_layernorm.weight,4,0.14814814814814814,post_attention_layernorm,3584,3584,64.45880126953125,2.7447030544281006,0.042580733745749666
qwen25,model.layers.4.self_attn.k_proj.bias,4,0.14814814814814814,self_attn.k_proj.bias,512,512,11.382330894470215,0.9410442113876343,0.08267587896647902
qwen25,model.layers.4.self_attn.k_proj.weight,4,0.14814814814814814,self_attn.k_proj,512x3584,1835008,29.07743263244629,16.0834903717041,0.5531262190513068
qwen25,model.layers.4.self_attn.o_proj.weight,4,0.14814814814814814,self_attn.o_proj,3584x3584,12845056,53.256046295166016,33.84198760986328,0.6354581303744863
qwen25,model.layers.4.self_attn.q_proj.bias,4,0.14814814814814814,self_attn.q_proj.bias,3584,3584,112.0026626586914,0.6018550992012024,0.005373578492818969
qwen25,model.layers.4.self_attn.q_proj.weight,4,0.14814814814814814,self_attn.q_proj,3584x3584,12845056,64.61992645263672,43.57186508178711,0.674279088103314
qwen25,model.layers.4.self_attn.v_proj.bias,4,0.14814814814814814,self_attn.v_proj.bias,512,512,1.494275450706482,0.052050672471523285,0.03483338526836811
qwen25,model.layers.4.self_attn.v_proj.weight,4,0.14814814814814814,self_attn.v_proj,512x3584,1835008,20.84697723388672,11.232973098754883,0.5388298251938275
qwen25,model.layers.5.input_layernorm.weight,5,0.18518518518518517,input_layernorm,3584,3584,37.02198028564453,1.2979296445846558,0.03505835275613106
qwen25,model.layers.5.mlp.down_proj.weight,5,0.18518518518518517,mlp.down_proj,3584x18944,67895296,131.13182067871094,76.15788269042969,0.5807734712768601
qwen25,model.layers.5.mlp.gate_proj.weight,5,0.18518518518518517,mlp.gate_proj,18944x3584,67895296,148.27220153808594,87.18087768554688,0.5879785744137155
qwen25,model.layers.5.mlp.up_proj.weight,5,0.18518518518518517,mlp.up_proj,18944x3584,67895296,133.0219268798828,81.86536407470703,0.6154275914874581
qwen25,model.layers.5.post_attention_layernorm.weight,5,0.18518518518518517,post_attention_layernorm,3584,3584,75.82816314697266,3.069631576538086,0.040481418105676965
qwen25,model.layers.5.self_attn.k_proj.bias,5,0.18518518518518517,self_attn.k_proj.bias,512,512,15.040130615234375,0.7896540760993958,0.05250313952057991
qwen25,model.layers.5.self_attn.k_proj.weight,5,0.18518518518518517,self_attn.k_proj,512x3584,1835008,26.628040313720703,14.74783992767334,0.5538462370463733
qwen25,model.layers.5.self_attn.o_proj.weight,5,0.18518518518518517,self_attn.o_proj,3584x3584,12845056,53.34295654296875,33.40947723388672,0.6263146889313261
qwen25,model.layers.5.self_attn.q_proj.bias,5,0.18518518518518517,self_attn.q_proj.bias,3584,3584,104.37271881103516,0.5064952969551086,0.004852755612049437
qwen25,model.layers.5.self_attn.q_proj.weight,5,0.18518518518518517,self_attn.q_proj,3584x3584,12845056,63.15556335449219,43.621273040771484,0.690695652510061
qwen25,model.layers.5.self_attn.v_proj.bias,5,0.18518518518518517,self_attn.v_proj.bias,512,512,1.7651327848434448,0.03776704892516136,0.021396151750991944
qwen25,model.layers.5.self_attn.v_proj.weight,5,0.18518518518518517,self_attn.v_proj,512x3584,1835008,19.8283634185791,10.868807792663574,0.5481444717963734
qwen25,model.layers.6.input_layernorm.weight,6,0.2222222222222222,input_layernorm,3584,3584,32.82505798339844,1.267249345779419,0.03860615711388359
qwen25,model.layers.6.post_attention_layernorm.weight,6,0.2222222222222222,post_attention_layernorm,3584,3584,42.66761779785156,1.1684132814407349,0.02738407583419311
qwen25,model.layers.6.self_attn.k_proj.bias,6,0.2222222222222222,self_attn.k_proj.bias,512,512,26.674694061279297,1.212600827217102,0.0454588466668602
qwen25,model.layers.6.self_attn.k_proj.weight,6,0.2222222222222222,self_attn.k_proj,512x3584,1835008,28.531784057617188,14.851892471313477,0.5205385138665536
qwen25,model.layers.6.self_attn.o_proj.weight,6,0.2222222222222222,self_attn.o_proj,3584x3584,12845056,54.89359664916992,31.048444747924805,0.5656114126818526
qwen25,model.layers.6.self_attn.q_proj.bias,6,0.2222222222222222,self_attn.q_proj.bias,3584,3584,109.74529266357422,0.584492564201355,0.005325901002361216
qwen25,model.layers.6.self_attn.q_proj.weight,6,0.2222222222222222,self_attn.q_proj,3584x3584,12845056,64.19810485839844,42.936790466308594,0.6688171023274618
qwen25,model.layers.6.self_attn.v_proj.bias,6,0.2222222222222222,self_attn.v_proj.bias,512,512,1.7207125425338745,0.04889548569917679,0.028415836167018708
qwen25,model.layers.6.self_attn.v_proj.weight,6,0.2222222222222222,self_attn.v_proj,512x3584,1835008,20.671754837036133,9.872626304626465,0.47759014086885226
qwen25,model.layers.10.input_layernorm.weight,10,0.37037037037037035,input_layernorm,3584,3584,42.24624252319336,1.0886939764022827,0.025770196622920613
qwen25,model.layers.10.mlp.down_proj.weight,10,0.37037037037037035,mlp.down_proj,3584x18944,67895296,131.48724365234375,71.73564910888672,0.5455711680941304
qwen25,model.layers.10.mlp.gate_proj.weight,10,0.37037037037037035,mlp.gate_proj,18944x3584,67895296,140.71839904785156,83.93233489990234,0.5964560104991032
qwen25,model.layers.10.mlp.up_proj.weight,10,0.37037037037037035,mlp.up_proj,18944x3584,67895296,132.2545928955078,75.67999267578125,0.5722295991306311
qwen25,model.layers.10.post_attention_layernorm.weight,10,0.37037037037037035,post_attention_layernorm,3584,3584,49.37974548339844,1.2556990385055542,0.025429435210996026
qwen25,model.layers.10.self_attn.k_proj.bias,10,0.37037037037037035,self_attn.k_proj.bias,512,512,16.832687377929688,1.0210684537887573,0.0606598596447255
qwen25,model.layers.10.self_attn.k_proj.weight,10,0.37037037037037035,self_attn.k_proj,512x3584,1835008,27.07599639892578,14.145736694335938,0.5224456557726961
qwen25,model.layers.10.self_attn.o_proj.weight,10,0.37037037037037035,self_attn.o_proj,3584x3584,12845056,57.00468444824219,28.904672622680664,0.507057848007647
qwen25,model.layers.10.self_attn.q_proj.bias,10,0.37037037037037035,self_attn.q_proj.bias,3584,3584,107.61357879638672,0.6956149339675903,0.0064640070681391245
qwen25,model.layers.10.self_attn.q_proj.weight,10,0.37037037037037035,self_attn.q_proj,3584x3584,12845056,63.446022033691406,42.48829650878906,0.6696762877620086
qwen25,model.layers.10.self_attn.v_proj.bias,10,0.37037037037037035,self_attn.v_proj.bias,512,512,2.317438840866089,0.09124858677387238,0.039374755080816
qwen25,model.layers.10.self_attn.v_proj.weight,10,0.37037037037037035,self_attn.v_proj,512x3584,1835008,22.328857421875,8.900445938110352,0.3986073165298112
qwen25,model.layers.11.input_layernorm.weight,11,0.4074074074074074,input_layernorm,3584,3584,47.12969970703125,0.8146613240242004,0.017285519090686284
qwen25,model.layers.11.mlp.down_proj.weight,11,0.4074074074074074,mlp.down_proj,3584x18944,67895296,133.16676330566406,75.267333984375,0.5652111091084363
qwen25,model.layers.11.mlp.gate_proj.weight,11,0.4074074074074074,mlp.gate_proj,18944x3584,67895296,137.9629364013672,83.26469421386719,0.6035294433834771
qwen25,model.layers.11.mlp.up_proj.weight,11,0.4074074074074074,mlp.up_proj,18944x3584,67895296,134.524169921875,77.78862762451172,0.5782501960033466
qwen25,model.layers.11.post_attention_layernorm.weight,11,0.4074074074074074,post_attention_layernorm,3584,3584,49.879119873046875,0.9854392409324646,0.01975654829998244
qwen25,model.layers.11.self_attn.k_proj.bias,11,0.4074074074074074,self_attn.k_proj.bias,512,512,14.667559623718262,1.2567805051803589,0.08568436314027827
qwen25,model.layers.11.self_attn.k_proj.weight,11,0.4074074074074074,self_attn.k_proj,512x3584,1835008,28.02546501159668,13.869122505187988,0.4948757317478612
qwen25,model.layers.11.self_attn.o_proj.weight,11,0.4074074074074074,self_attn.o_proj,3584x3584,12845056,55.2630500793457,28.179611206054688,0.5099177690264092
qwen25,model.layers.11.self_attn.q_proj.bias,11,0.4074074074074074,self_attn.q_proj.bias,3584,3584,114.61936950683594,0.730660080909729,0.006374664980740033
qwen25,model.layers.11.self_attn.q_proj.weight,11,0.4074074074074074,self_attn.q_proj,3584x3584,12845056,64.20941925048828,40.57268142700195,0.6318805231475975
qwen25,model.layers.11.self_attn.v_proj.bias,11,0.4074074074074074,self_attn.v_proj.bias,512,512,1.653372883796692,0.07284361869096756,0.04405758640706292
qwen25,model.layers.11.self_attn.v_proj.weight,11,0.4074074074074074,self_attn.v_proj,512x3584,1835008,19.79438018798828,8.813495635986328,0.44525241772079205
qwen25,model.layers.12.input_layernorm.weight,12,0.4444444444444444,input_layernorm,3584,3584,54.82129669189453,0.9024843573570251,0.016462294980528248
qwen25,model.layers.12.mlp.down_proj.weight,12,0.4444444444444444,mlp.down_proj,3584x18944,67895296,134.86900329589844,77.02837371826172,0.5711347443508857
qwen25,model.layers.12.mlp.gate_proj.weight,12,0.4444444444444444,mlp.gate_proj,18944x3584,67895296,135.5494384765625,84.62725830078125,0.6243276198847104
qwen25,model.layers.12.mlp.up_proj.weight,12,0.4444444444444444,mlp.up_proj,18944x3584,67895296,135.9744873046875,79.48513793945312,0.5845592030903948
qwen25,model.layers.12.post_attention_layernorm.weight,12,0.4444444444444444,post_attention_layernorm,3584,3584,49.13087463378906,1.009190559387207,0.02054086288732891
qwen25,model.layers.12.self_attn.k_proj.bias,12,0.4444444444444444,self_attn.k_proj.bias,512,512,25.71873664855957,1.455352783203125,0.0565872578847933
qwen25,model.layers.12.self_attn.k_proj.weight,12,0.4444444444444444,self_attn.k_proj,512x3584,1835008,26.824262619018555,13.726298332214355,0.5117120469318076
qwen25,model.layers.12.self_attn.o_proj.weight,12,0.4444444444444444,self_attn.o_proj,3584x3584,12845056,55.58864974975586,27.74419403076172,0.4990981820148198
qwen25,model.layers.12.self_attn.q_proj.bias,12,0.4444444444444444,self_attn.q_proj.bias,3584,3584,88.08363342285156,0.7688142657279968,0.00872823061280012
qwen25,model.layers.12.self_attn.q_proj.weight,12,0.4444444444444444,self_attn.q_proj,3584x3584,12845056,62.248077392578125,41.42520523071289,0.6654856979671478
qwen25,model.layers.12.self_attn.v_proj.bias,12,0.4444444444444444,self_attn.v_proj.bias,512,512,1.7421482801437378,0.08054625988006592,0.04623387159296243
qwen25,model.layers.12.self_attn.v_proj.weight,12,0.4444444444444444,self_attn.v_proj,512x3584,1835008,20.58383560180664,8.501701354980469,0.4130280439197773
qwen25,model.layers.13.input_layernorm.weight,13,0.48148148148148145,input_layernorm,3584,3584,58.46418380737305,0.7508136630058289,0.012842284183417303
qwen25,model.layers.13.mlp.down_proj.weight,13,0.48148148148148145,mlp.down_proj,3584x18944,67895296,132.7661590576172,76.85649108886719,0.5788861531763783
qwen25,model.layers.13.mlp.gate_proj.weight,13,0.48148148148148145,mlp.gate_proj,18944x3584,67895296,138.33941650390625,86.39132690429688,0.6244881544795114
qwen25,model.layers.13.mlp.up_proj.weight,13,0.48148148148148145,mlp.up_proj,18944x3584,67895296,134.4014129638672,80.1314468383789,0.5962098542812317
qwen25,model.layers.13.post_attention_layernorm.weight,13,0.48148148148148145,post_attention_layernorm,3584,3584,49.37841796875,1.262200951576233,0.02556179406912224
qwen25,model.layers.13.self_attn.k_proj.bias,13,0.48148148148148145,self_attn.k_proj.bias,512,512,62.11220932006836,1.4543688297271729,0.023415184319603145
qwen25,model.layers.13.self_attn.k_proj.weight,13,0.48148148148148145,self_attn.k_proj,512x3584,1835008,25.605587005615234,13.499523162841797,0.5272100639552372
qwen25,model.layers.13.self_attn.o_proj.weight,13,0.48148148148148145,self_attn.o_proj,3584x3584,12845056,57.490684509277344,26.318105697631836,0.457780350369369
qwen25,model.layers.13.self_attn.q_proj.bias,13,0.48148148148148145,self_attn.q_proj.bias,3584,3584,77.86427307128906,0.8001465201377869,0.010276170168637012
qwen25,model.layers.13.self_attn.q_proj.weight,13,0.48148148148148145,self_attn.q_proj,3584x3584,12845056,61.010520935058594,41.25667953491211,0.6762223777572223
qwen25,model.layers.13.self_attn.v_proj.bias,13,0.48148148148148145,self_attn.v_proj.bias,512,512,0.8435591459274292,0.06826513260602951,0.08092512888468203
qwen25,model.layers.13.self_attn.v_proj.weight,13,0.48148148148148145,self_attn.v_proj,512x3584,1835008,22.4603214263916,7.962100028991699,0.3544962637816917
qwen25,model.layers.14.input_layernorm.weight,14,0.5185185185185185,input_layernorm,3584,3584,63.546268463134766,0.7042093873023987,0.011081836972235958
qwen25,model.layers.14.mlp.up_proj.weight,14,0.5185185185185185,mlp.up_proj,18944x3584,67895296,135.40969848632812,80.55496215820312,0.5948980247255812
qwen25,model.layers.14.post_attention_layernorm.weight,14,0.5185185185185185,post_attention_layernorm,3584,3584,51.23768615722656,1.2117326259613037,0.023649245640074652
qwen25,model.layers.14.self_attn.k_proj.bias,14,0.5185185185185185,self_attn.k_proj.bias,512,512,22.05521583557129,2.060872793197632,0.09344151553818833
qwen25,model.layers.14.self_attn.k_proj.weight,14,0.5185185185185185,self_attn.k_proj,512x3584,1835008,25.308452606201172,13.290605545043945,0.5251449289233682
qwen25,model.layers.14.self_attn.o_proj.weight,14,0.5185185185185185,self_attn.o_proj,3584x3584,12845056,54.586673736572266,28.974267959594727,0.5307937995896312
qwen25,model.layers.14.self_attn.q_proj.bias,14,0.5185185185185185,self_attn.q_proj.bias,3584,3584,85.22459411621094,0.8224190473556519,0.009650020113140275
qwen25,model.layers.14.self_attn.q_proj.weight,14,0.5185185185185185,self_attn.q_proj,3584x3584,12845056,59.85979080200195,42.13323974609375,0.7038654693174211
qwen25,model.layers.14.self_attn.v_proj.bias,14,0.5185185185185185,self_attn.v_proj.bias,512,512,2.0026698112487793,0.1270149052143097,0.06342278916917843
qwen25,model.layers.14.self_attn.v_proj.weight,14,0.5185185185185185,self_attn.v_proj,512x3584,1835008,19.7587947845459,8.1605224609375,0.41300709632958754
qwen25,model.layers.6.mlp.down_proj.weight,6,0.2222222222222222,mlp.down_proj,3584x18944,67895296,126.79438781738281,73.76317596435547,0.5817542655799072
qwen25,model.layers.6.mlp.gate_proj.weight,6,0.2222222222222222,mlp.gate_proj,18944x3584,67895296,150.03587341308594,86.32235717773438,0.5753447839775461
qwen25,model.layers.6.mlp.up_proj.weight,6,0.2222222222222222,mlp.up_proj,18944x3584,67895296,128.8455047607422,74.60383605957031,0.5790177639344487
qwen25,model.layers.7.input_layernorm.weight,7,0.25925925925925924,input_layernorm,3584,3584,38.23427963256836,0.9502982497215271,0.024854613683163343
qwen25,model.layers.7.mlp.down_proj.weight,7,0.25925925925925924,mlp.down_proj,3584x18944,67895296,131.74876403808594,72.66047668457031,0.5515078430911551
qwen25,model.layers.7.mlp.gate_proj.weight,7,0.25925925925925924,mlp.gate_proj,18944x3584,67895296,140.59414672851562,85.59629821777344,0.6088183627093531
qwen25,model.layers.7.mlp.up_proj.weight,7,0.25925925925925924,mlp.up_proj,18944x3584,67895296,132.26878356933594,77.9426040649414,0.5892743696707812
qwen25,model.layers.7.post_attention_layernorm.weight,7,0.25925925925925924,post_attention_layernorm,3584,3584,39.65559387207031,1.2099180221557617,0.030510651941286767
qwen25,model.layers.7.self_attn.k_proj.bias,7,0.25925925925925924,self_attn.k_proj.bias,512,512,23.974411010742188,1.146499514579773,0.04782180108892194
qwen25,model.layers.7.self_attn.k_proj.weight,7,0.25925925925925924,self_attn.k_proj,512x3584,1835008,23.839759826660156,13.149075508117676,0.5515607373448863
qwen25,model.layers.7.self_attn.o_proj.weight,7,0.25925925925925924,self_attn.o_proj,3584x3584,12845056,60.237518310546875,29.018146514892578,0.4817287851284512
qwen25,model.layers.7.self_attn.q_proj.bias,7,0.25925925925925924,self_attn.q_proj.bias,3584,3584,74.37349700927734,0.6400501132011414,0.008605889717963666
qwen25,model.layers.7.self_attn.q_proj.weight,7,0.25925925925925924,self_attn.q_proj,3584x3584,12845056,60.82270431518555,41.16621017456055,0.6768230817432204
qwen25,model.layers.7.self_attn.v_proj.bias,7,0.25925925925925924,self_attn.v_proj.bias,512,512,1.204006314277649,0.054986219853162766,0.04566937830899341
qwen25,model.layers.7.self_attn.v_proj.weight,7,0.25925925925925924,self_attn.v_proj,512x3584,1835008,24.670991897583008,8.784067153930664,0.3560483984752648
qwen25,model.layers.8.input_layernorm.weight,8,0.2962962962962963,input_layernorm,3584,3584,41.05282211303711,1.258945345878601,0.03066647506990266
qwen25,model.layers.8.mlp.down_proj.weight,8,0.2962962962962963,mlp.down_proj,3584x18944,67895296,133.15432739257812,75.44454956054688,0.5665948004687384
qwen25,model.layers.8.mlp.gate_proj.weight,8,0.2962962962962963,mlp.gate_proj,18944x3584,67895296,138.09518432617188,84.93120574951172,0.6150193155824298
qwen25,model.layers.8.mlp.up_proj.weight,8,0.2962962962962963,mlp.up_proj,18944x3584,67895296,134.70176696777344,78.70205688476562,0.5842689272487019
qwen25,model.layers.8.post_attention_layernorm.weight,8,0.2962962962962963,post_attention_layernorm,3584,3584,42.855979919433594,0.8850805759429932,0.02065244051371328
qwen25,model.layers.8.self_attn.k_proj.bias,8,0.2962962962962963,self_attn.k_proj.bias,512,512,12.993257522583008,1.2843363285064697,0.09884636907059076
qwen25,model.layers.8.self_attn.k_proj.weight,8,0.2962962962962963,self_attn.k_proj,512x3584,1835008,27.27207374572754,13.854519844055176,0.5080112342474739
qwen25,model.layers.8.self_attn.o_proj.weight,8,0.2962962962962963,self_attn.o_proj,3584x3584,12845056,55.166683197021484,29.448057174682617,0.5338014806783337
qwen25,model.layers.8.self_attn.q_proj.bias,8,0.2962962962962963,self_attn.q_proj.bias,3584,3584,103.95499420166016,0.7490648627281189,0.0072056649945554645
qwen25,model.layers.8.self_attn.q_proj.weight,8,0.2962962962962963,self_attn.q_proj,3584x3584,12845056,63.31094741821289,41.36481857299805,0.6533596520006978
qwen25,model.layers.8.self_attn.v_proj.bias,8,0.2962962962962963,self_attn.v_proj.bias,512,512,1.5909477472305298,0.08889081329107285,0.05587286788382025
qwen25,model.layers.8.self_attn.v_proj.weight,8,0.2962962962962963,self_attn.v_proj,512x3584,1835008,20.603065490722656,9.142302513122559,0.4437350605539375
qwen25,model.layers.9.input_layernorm.weight,9,0.3333333333333333,input_layernorm,3584,3584,46.153350830078125,0.7381696701049805,0.015993847831822332
qwen25,model.layers.9.mlp.down_proj.weight,9,0.3333333333333333,mlp.down_proj,3584x18944,67895296,122.42724609375,68.4178237915039,0.5588447504496851
qwen25,model.layers.9.mlp.gate_proj.weight,9,0.3333333333333333,mlp.gate_proj,18944x3584,67895296,151.28085327148438,88.97085571289062,0.588117093398634
qwen25,model.layers.9.mlp.up_proj.weight,9,0.3333333333333333,mlp.up_proj,18944x3584,67895296,124.10502624511719,71.91483306884766,0.5794675304029202
qwen25,model.layers.9.post_attention_layernorm.weight,9,0.3333333333333333,post_attention_layernorm,3584,3584,65.56195831298828,2.3082473278045654,0.0352071138080585
qwen25,model.layers.9.self_attn.k_proj.bias,9,0.3333333333333333,self_attn.k_proj.bias,512,512,17.135297775268555,1.3232179880142212,0.07722176791838582
qwen25,model.layers.9.self_attn.k_proj.weight,9,0.3333333333333333,self_attn.k_proj,512x3584,1835008,23.261804580688477,13.231334686279297,0.568800870129556
qwen25,model.layers.9.self_attn.o_proj.weight,9,0.3333333333333333,self_attn.o_proj,3584x3584,12845056,60.389625549316406,28.84861946105957,0.4777082023385079
qwen25,model.layers.9.self_attn.q_proj.bias,9,0.3333333333333333,self_attn.q_proj.bias,3584,3584,74.325439453125,0.6038421392440796,0.008124299616484691
qwen25,model.layers.9.self_attn.q_proj.weight,9,0.3333333333333333,self_attn.q_proj,3584x3584,12845056,58.596195220947266,41.67171096801758,0.7111675222407711
qwen25,model.layers.9.self_attn.v_proj.bias,9,0.3333333333333333,self_attn.v_proj.bias,512,512,1.849244475364685,0.03886827453970909,0.021018461894847067
qwen25,model.layers.9.self_attn.v_proj.weight,9,0.3333333333333333,self_attn.v_proj,512x3584,1835008,24.755931854248047,8.09050464630127,0.32681074959870526
qwen25,model.layers.14.mlp.down_proj.weight,14,0.5185185185185185,mlp.down_proj,3584x18944,67895296,133.95664978027344,77.82969665527344,0.5810065926770789
qwen25,model.layers.14.mlp.gate_proj.weight,14,0.5185185185185185,mlp.gate_proj,18944x3584,67895296,135.9489288330078,85.77643585205078,0.6309460220713753
qwen25,model.layers.15.input_layernorm.weight,15,0.5555555555555556,input_layernorm,3584,3584,53.99984359741211,0.9143852591514587,0.016933109398770182
qwen25,model.layers.15.mlp.down_proj.weight,15,0.5555555555555556,mlp.down_proj,3584x18944,67895296,134.9676513671875,80.06806945800781,0.5932389624249879
qwen25,model.layers.15.mlp.gate_proj.weight,15,0.5555555555555556,mlp.gate_proj,18944x3584,67895296,134.334228515625,85.98806762695312,0.6401054189770515
qwen25,model.layers.15.mlp.up_proj.weight,15,0.5555555555555556,mlp.up_proj,18944x3584,67895296,136.9013214111328,82.41932678222656,0.6020345598762367
qwen25,model.layers.15.post_attention_layernorm.weight,15,0.5555555555555556,post_attention_layernorm,3584,3584,51.83001708984375,1.2620081901550293,0.024348982713384513
qwen25,model.layers.15.self_attn.k_proj.bias,15,0.5555555555555556,self_attn.k_proj.bias,512,512,33.996070861816406,1.3105192184448242,0.03854913774511421
qwen25,model.layers.15.self_attn.k_proj.weight,15,0.5555555555555556,self_attn.k_proj,512x3584,1835008,26.498058319091797,13.731544494628906,0.5182094600771316
qwen25,model.layers.15.self_attn.o_proj.weight,15,0.5555555555555556,self_attn.o_proj,3584x3584,12845056,55.3022575378418,28.328968048095703,0.5122569911130839
qwen25,model.layers.15.self_attn.q_proj.bias,15,0.5555555555555556,self_attn.q_proj.bias,3584,3584,99.44635772705078,0.8700256943702698,0.008748693408744228
qwen25,model.layers.15.self_attn.q_proj.weight,15,0.5555555555555556,self_attn.q_proj,3584x3584,12845056,62.1768798828125,41.43178939819336,0.6663536265615398
qwen25,model.layers.15.self_attn.v_proj.bias,15,0.5555555555555556,self_attn.v_proj.bias,512,512,1.3978468179702759,0.0854838490486145,0.06115394616181202
qwen25,model.layers.15.self_attn.v_proj.weight,15,0.5555555555555556,self_attn.v_proj,512x3584,1835008,20.84438705444336,8.903668403625488,0.42714944701276353
qwen25,model.layers.16.input_layernorm.weight,16,0.5925925925925926,input_layernorm,3584,3584,67.4827651977539,0.5119149088859558,0.0075858614771612
qwen25,model.layers.16.mlp.down_proj.weight,16,0.5925925925925926,mlp.down_proj,3584x18944,67895296,134.11846923828125,81.71562194824219,0.6092794110486179
qwen25,model.layers.16.mlp.gate_proj.weight,16,0.5925925925925926,mlp.gate_proj,18944x3584,67895296,134.15736389160156,86.54411315917969,0.6450940198042865
qwen25,model.layers.16.mlp.up_proj.weight,16,0.5925925925925926,mlp.up_proj,18944x3584,67895296,136.6593017578125,83.54598999023438,0.6113450670068146
qwen25,model.layers.16.post_attention_layernorm.weight,16,0.5925925925925926,post_attention_layernorm,3584,3584,53.65161895751953,1.4533634185791016,0.027088901450110028
qwen25,model.layers.16.self_attn.k_proj.bias,16,0.5925925925925926,self_attn.k_proj.bias,512,512,30.36789321899414,1.9261900186538696,0.06342850341192255
qwen25,model.layers.16.self_attn.k_proj.weight,16,0.5925925925925926,self_attn.k_proj,512x3584,1835008,23.770418167114258,13.176844596862793,0.5543379381980166
qwen25,model.layers.16.self_attn.o_proj.weight,16,0.5925925925925926,self_attn.o_proj,3584x3584,12845056,57.12744140625,27.55521011352539,0.48234630214877305
qwen25,model.layers.16.self_attn.q_proj.bias,16,0.5925925925925926,self_attn.q_proj.bias,3584,3584,71.73516845703125,0.852128803730011,0.011878815120374727
qwen25,model.layers.16.self_attn.q_proj.weight,16,0.5925925925925926,self_attn.q_proj,3584x3584,12845056,59.471405029296875,41.37117385864258,0.6956481663458642
qwen25,model.layers.16.self_attn.v_proj.bias,16,0.5925925925925926,self_attn.v_proj.bias,512,512,1.0976611375808716,0.09091804921627045,0.08282888598629277
qwen25,model.layers.16.self_attn.v_proj.weight,16,0.5925925925925926,self_attn.v_proj,512x3584,1835008,22.406259536743164,8.541542053222656,0.38121231431849256
qwen25,model.layers.17.input_layernorm.weight,17,0.6296296296296297,input_layernorm,3584,3584,69.11229705810547,0.5653654336929321,0.008180388407834381
qwen25,model.layers.17.mlp.down_proj.weight,17,0.6296296296296297,mlp.down_proj,3584x18944,67895296,134.33287048339844,81.9341812133789,0.6099339716224166
qwen25,model.layers.17.mlp.gate_proj.weight,17,0.6296296296296297,mlp.gate_proj,18944x3584,67895296,132.8008575439453,86.64331817626953,0.6524304118111457
qwen25,model.layers.17.mlp.up_proj.weight,17,0.6296296296296297,mlp.up_proj,18944x3584,67895296,137.4358367919922,83.65057373046875,0.608651831160115
qwen25,model.layers.17.post_attention_layernorm.weight,17,0.6296296296296297,post_attention_layernorm,3584,3584,55.21399688720703,1.5369820594787598,0.027836819395968694
qwen25,model.layers.17.self_attn.k_proj.bias,17,0.6296296296296297,self_attn.k_proj.bias,512,512,22.611740112304688,2.177624464035034,0.0963050368180214
qwen25,model.layers.17.self_attn.k_proj.weight,17,0.6296296296296297,self_attn.k_proj,512x3584,1835008,24.23771858215332,12.373403549194336,0.5105019891725743
qwen25,model.layers.17.self_attn.o_proj.weight,17,0.6296296296296297,self_attn.o_proj,3584x3584,12845056,56.83274841308594,29.2823486328125,0.5152372434986822
qwen25,model.layers.17.self_attn.q_proj.bias,17,0.6296296296296297,self_attn.q_proj.bias,3584,3584,77.7809066772461,0.7852767705917358,0.010096009472482268
qwen25,model.layers.17.self_attn.q_proj.weight,17,0.6296296296296297,self_attn.q_proj,3584x3584,12845056,61.21364974975586,40.460811614990234,0.6609769517157668
qwen25,model.layers.17.self_attn.v_proj.bias,17,0.6296296296296297,self_attn.v_proj.bias,512,512,1.3794001340866089,0.09014954417943954,0.0653541651560977
qwen25,model.layers.17.self_attn.v_proj.weight,17,0.6296296296296297,self_attn.v_proj,512x3584,1835008,22.07790756225586,8.711174011230469,0.3945651999251502
qwen25,model.layers.18.input_layernorm.weight,18,0.6666666666666666,input_layernorm,3584,3584,66.10709381103516,0.5312888622283936,0.008036790480414469
qwen25,model.layers.18.mlp.down_proj.weight,18,0.6666666666666666,mlp.down_proj,3584x18944,67895296,136.90432739257812,79.95664978027344,0.5840330346242076
qwen25,model.layers.18.mlp.gate_proj.weight,18,0.6666666666666666,mlp.gate_proj,18944x3584,67895296,132.34999084472656,86.82675170898438,0.6560389702697433
qwen25,model.layers.18.mlp.up_proj.weight,18,0.6666666666666666,mlp.up_proj,18944x3584,67895296,139.77610778808594,84.5134048461914,0.6046341265584665
qwen25,model.layers.18.post_attention_layernorm.weight,18,0.6666666666666666,post_attention_layernorm,3584,3584,55.72322463989258,1.455353021621704,0.026117530545420167
qwen25,model.layers.18.self_attn.k_proj.bias,18,0.6666666666666666,self_attn.k_proj.bias,512,512,21.95378875732422,2.1549415588378906,0.09815807114928896
qwen25,model.layers.18.self_attn.k_proj.weight,18,0.6666666666666666,self_attn.k_proj,512x3584,1835008,23.11329460144043,12.119491577148438,0.5243515382005794
qwen25,model.layers.18.self_attn.o_proj.weight,18,0.6666666666666666,self_attn.o_proj,3584x3584,12845056,60.77348327636719,27.321748733520508,0.44956693710108664
qwen25,model.layers.18.self_attn.q_proj.bias,18,0.6666666666666666,self_attn.q_proj.bias,3584,3584,148.18801879882812,1.1717512607574463,0.007907192971843096
qwen25,model.layers.18.self_attn.q_proj.weight,18,0.6666666666666666,self_attn.q_proj,3584x3584,12845056,57.727108001708984,40.9652214050293,0.7096357815779814
qwen25,model.layers.18.self_attn.v_proj.bias,18,0.6666666666666666,self_attn.v_proj.bias,512,512,1.5182030200958252,0.06635165959596634,0.04370407561946385
qwen25,model.layers.18.self_attn.v_proj.weight,18,0.6666666666666666,self_attn.v_proj,512x3584,1835008,24.89302635192871,7.90857458114624,0.3177024146979013
qwen25,model.layers.19.input_layernorm.weight,19,0.7037037037037037,input_layernorm,3584,3584,65.07389831542969,0.6522870659828186,0.01002378961255737
qwen25,model.layers.19.mlp.down_proj.weight,19,0.7037037037037037,mlp.down_proj,3584x18944,67895296,136.16038513183594,78.24262237548828,0.5746357305006933
qwen25,model.layers.19.mlp.gate_proj.weight,19,0.7037037037037037,mlp.gate_proj,18944x3584,67895296,134.13619995117188,86.27317810058594,0.6431759519949948
qwen25,model.layers.19.mlp.up_proj.weight,19,0.7037037037037037,mlp.up_proj,18944x3584,67895296,139.46250915527344,84.11256408691406,0.6031195379775193
qwen25,model.layers.19.post_attention_layernorm.weight,19,0.7037037037037037,post_attention_layernorm,3584,3584,58.32222366333008,1.4032822847366333,0.024060850163004723
qwen25,model.layers.19.self_attn.k_proj.bias,19,0.7037037037037037,self_attn.k_proj.bias,512,512,57.77132034301758,2.177172899246216,0.03768605055794533
qwen25,model.layers.19.self_attn.k_proj.weight,19,0.7037037037037037,self_attn.k_proj,512x3584,1835008,21.27993392944336,11.368284225463867,0.534225541449378
qwen25,model.layers.19.self_attn.o_proj.weight,19,0.7037037037037037,self_attn.o_proj,3584x3584,12845056,59.55854797363281,26.501012802124023,0.44495733532416365
qwen25,model.layers.19.self_attn.q_proj.bias,19,0.7037037037037037,self_attn.q_proj.bias,3584,3584,170.79537963867188,1.0239286422729492,0.005995060548119821
qwen25,model.layers.19.self_attn.q_proj.weight,19,0.7037037037037037,self_attn.q_proj,3584x3584,12845056,57.36650848388672,39.599334716796875,0.6902866456988516
qwen25,model.layers.19.self_attn.v_proj.bias,19,0.7037037037037037,self_attn.v_proj.bias,512,512,3.296734094619751,0.08879604935646057,0.026934550014626645
qwen25,model.layers.19.self_attn.v_proj.weight,19,0.7037037037037037,self_attn.v_proj,512x3584,1835008,25.054658889770508,7.905898094177246,0.31554602794473174
qwen25,model.layers.20.input_layernorm.weight,20,0.7407407407407407,input_layernorm,3584,3584,63.382022857666016,0.5549083948135376,0.008754980825709349
qwen25,model.layers.20.mlp.down_proj.weight,20,0.7407407407407407,mlp.down_proj,3584x18944,67895296,136.98927307128906,77.0813217163086,0.5626814420439735
qwen25,model.layers.20.mlp.gate_proj.weight,20,0.7407407407407407,mlp.gate_proj,18944x3584,67895296,133.6063232421875,84.71996307373047,0.6341014483286022
qwen25,model.layers.20.mlp.up_proj.weight,20,0.7407407407407407,mlp.up_proj,18944x3584,67895296,140.1681671142578,83.7746353149414,0.5976723320256636
qwen25,model.layers.20.post_attention_layernorm.weight,20,0.7407407407407407,post_attention_layernorm,3584,3584,60.90281677246094,1.399939775466919,0.02298645365939699
qwen25,model.layers.20.self_attn.k_proj.bias,20,0.7407407407407407,self_attn.k_proj.bias,512,512,16.179548263549805,1.739260196685791,0.10749745100140368
qwen25,model.layers.20.self_attn.k_proj.weight,20,0.7407407407407407,self_attn.k_proj,512x3584,1835008,22.319252014160156,11.066320419311523,0.4958195020285914
qwen25,model.layers.20.self_attn.o_proj.weight,20,0.7407407407407407,self_attn.o_proj,3584x3584,12845056,60.84767150878906,29.46613121032715,0.4842606213135198
qwen25,model.layers.20.self_attn.q_proj.bias,20,0.7407407407407407,self_attn.q_proj.bias,3584,3584,79.29751586914062,0.8161410689353943,0.010292139167161518
qwen25,model.layers.20.self_attn.q_proj.weight,20,0.7407407407407407,self_attn.q_proj,3584x3584,12845056,58.6688346862793,38.30058288574219,0.6528267195104086
qwen25,model.layers.20.self_attn.v_proj.bias,20,0.7407407407407407,self_attn.v_proj.bias,512,512,2.4230167865753174,0.07791110873222351,0.032154588925627205
qwen25,model.layers.20.self_attn.v_proj.weight,20,0.7407407407407407,self_attn.v_proj,512x3584,1835008,25.890562057495117,8.768959999084473,0.33869330374563755
qwen25,model.layers.21.input_layernorm.weight,21,0.7777777777777778,input_layernorm,3584,3584,59.94219970703125,0.9067384004592896,0.015126878974929054
qwen25,model.layers.21.mlp.down_proj.weight,21,0.7777777777777778,mlp.down_proj,3584x18944,67895296,136.9502716064453,75.18589782714844,0.5490014510026715
qwen25,model.layers.21.mlp.gate_proj.weight,21,0.7777777777777778,mlp.gate_proj,18944x3584,67895296,135.70843505859375,84.0734634399414,0.6195153853453669
qwen25,model.layers.21.mlp.up_proj.weight,21,0.7777777777777778,mlp.up_proj,18944x3584,67895296,140.15362548828125,83.21035766601562,0.5937082068060604
qwen25,model.layers.21.post_attention_layernorm.weight,21,0.7777777777777778,post_attention_layernorm,3584,3584,66.64929962158203,1.3054701089859009,0.019587154199639484
qwen25,model.layers.21.self_attn.k_proj.bias,21,0.7777777777777778,self_attn.k_proj.bias,512,512,16.684141159057617,1.8443763256072998,0.110546674714869
qwen25,model.layers.21.self_attn.k_proj.weight,21,0.7777777777777778,self_attn.k_proj,512x3584,1835008,19.950254440307617,11.03576946258545,0.5531643466305228
qwen25,model.layers.21.self_attn.o_proj.weight,21,0.7777777777777778,self_attn.o_proj,3584x3584,12845056,63.18655776977539,29.502538681030273,0.46691162997871827
qwen25,model.layers.21.self_attn.q_proj.bias,21,0.7777777777777778,self_attn.q_proj.bias,3584,3584,84.03852081298828,0.7989773154258728,0.00950727485082519
qwen25,model.layers.21.self_attn.q_proj.weight,21,0.7777777777777778,self_attn.q_proj,3584x3584,12845056,57.081825256347656,39.56955337524414,0.6932075699671831
qwen25,model.layers.21.self_attn.v_proj.bias,21,0.7777777777777778,self_attn.v_proj.bias,512,512,2.1306240558624268,0.07599834352731705,0.03566952288847349
qwen25,model.layers.21.self_attn.v_proj.weight,21,0.7777777777777778,self_attn.v_proj,512x3584,1835008,27.74821662902832,8.730384826660156,0.3146286820294971
qwen25,model.layers.22.input_layernorm.weight,22,0.8148148148148148,input_layernorm,3584,3584,62.66670608520508,0.919971764087677,0.014680391256512399
qwen25,model.layers.22.mlp.gate_proj.weight,22,0.8148148148148148,mlp.gate_proj,18944x3584,67895296,135.8865509033203,82.76541137695312,0.6090772841518255
qwen25,model.layers.22.mlp.up_proj.weight,22,0.8148148148148148,mlp.up_proj,18944x3584,67895296,140.89122009277344,82.6728744506836,0.5867851410204661
qwen25,model.layers.22.post_attention_layernorm.weight,22,0.8148148148148148,post_attention_layernorm,3584,3584,73.50001525878906,1.468258261680603,0.019976298732877203
qwen25,model.layers.22.self_attn.k_proj.bias,22,0.8148148148148148,self_attn.k_proj.bias,512,512,15.573338508605957,1.8660012483596802,0.11982024582131265
qwen25,model.layers.22.self_attn.k_proj.weight,22,0.8148148148148148,self_attn.k_proj,512x3584,1835008,19.45240020751953,11.238762855529785,0.5777571269166734
qwen25,model.layers.22.self_attn.o_proj.weight,22,0.8148148148148148,self_attn.o_proj,3584x3584,12845056,63.47041702270508,34.013389587402344,0.5358935892170811
qwen25,model.layers.22.self_attn.q_proj.bias,22,0.8148148148148148,self_attn.q_proj.bias,3584,3584,72.40621185302734,0.7315725684165955,0.010103726596021443
qwen25,model.layers.22.self_attn.q_proj.weight,22,0.8148148148148148,self_attn.q_proj,3584x3584,12845056,58.092315673828125,41.041748046875,0.706491858188487
qwen25,model.layers.22.self_attn.v_proj.bias,22,0.8148148148148148,self_attn.v_proj.bias,512,512,2.4731712341308594,0.07738891243934631,0.03129136849537348
qwen25,model.layers.22.self_attn.v_proj.weight,22,0.8148148148148148,self_attn.v_proj,512x3584,1835008,27.147113800048828,10.321935653686523,0.3802222118237836
