pair,key,layer_idx,rel_depth,sub_module,shape,fro_delta,sigma_1_delta,stable_rank_delta,effective_rank_top64_delta,top_align_with_W_LLM
qwen25,model.layers.0.mlp.down_proj.weight,0,0.0,mlp.down_proj,,76.11410522460938,5.04268217086792,227.82800110914727,58.49646872276283,0.09448832273483276
qwen25,model.layers.0.mlp.gate_proj.weight,0,0.0,mlp.gate_proj,,81.7832260131836,12.80039119720459,40.8208449979545,40.286399373352346,0.32902881503105164
qwen25,model.layers.0.mlp.up_proj.weight,0,0.0,mlp.up_proj,,79.73272705078125,4.944582939147949,260.02428117397005,60.083345434530045,0.005419015884399414
qwen25,model.layers.0.self_attn.k_proj.weight,0,0.0,self_attn.k_proj,,10.476998329162598,2.844822645187378,13.563237188953348,39.50643634094827,0.013435021042823792
qwen25,model.layers.0.self_attn.o_proj.weight,0,0.0,self_attn.o_proj,,24.030488967895508,2.5132246017456055,91.42450360741968,52.632050647061405,0.0014522384153679013
qwen25,model.layers.0.self_attn.q_proj.weight,0,0.0,self_attn.q_proj,,36.198326110839844,12.729987144470215,8.085763721046025,21.187345493855936,0.7971483469009399
qwen25,model.layers.0.self_attn.v_proj.weight,0,0.0,self_attn.v_proj,,5.708888053894043,0.6798837184906006,70.50724929949017,57.98962472918399,0.09970766305923462
qwen25,model.layers.1.mlp.down_proj.weight,1,0.037037037037037035,mlp.down_proj,,57.750831604003906,11.749979019165039,24.156961242364737,17.454607316844708,0.8973566293716431
qwen25,model.layers.1.mlp.gate_proj.weight,1,0.037037037037037035,mlp.gate_proj,,69.48869323730469,9.0807466506958,58.557856484497705,44.410486673877635,0.2143554985523224
qwen25,model.layers.1.mlp.up_proj.weight,1,0.037037037037037035,mlp.up_proj,,64.072265625,8.101877212524414,62.541579938525466,45.61927759190649,0.09505049884319305
qwen25,model.layers.1.self_attn.k_proj.weight,1,0.037037037037037035,self_attn.k_proj,,15.067134857177734,3.7007668018341064,16.575930292200912,48.02415442684499,0.09529795497655869
qwen25,model.layers.1.self_attn.o_proj.weight,1,0.037037037037037035,self_attn.o_proj,,31.648284912109375,2.9048948287963867,118.69694256172627,54.71196083027498,0.043408602476119995
qwen25,model.layers.1.self_attn.q_proj.weight,1,0.037037037037037035,self_attn.q_proj,,37.52495193481445,6.157792568206787,37.13557723596392,49.62515497191282,0.8030009865760803
qwen25,model.layers.1.self_attn.v_proj.weight,1,0.037037037037037035,self_attn.v_proj,,9.966914176940918,0.9404562711715698,112.31667126841424,59.95172858363586,0.059628862887620926
qwen25,model.layers.10.mlp.down_proj.weight,10,0.37037037037037035,mlp.down_proj,,71.73564910888672,2.1932132244110107,1069.8141875751146,62.39629017148851,0.3206242322921753
qwen25,model.layers.10.mlp.gate_proj.weight,10,0.37037037037037035,mlp.gate_proj,,83.93233489990234,5.491528034210205,233.59965641633812,55.66199509580458,0.3248223066329956
qwen25,model.layers.10.mlp.up_proj.weight,10,0.37037037037037035,mlp.up_proj,,75.67999267578125,3.1573846340179443,574.5226838605133,60.61507872163291,0.07517200708389282
qwen25,model.layers.10.self_attn.k_proj.weight,10,0.37037037037037035,self_attn.k_proj,,14.145736694335938,1.5221436023712158,86.36541944910333,59.19040939475901,0.38693004846572876
qwen25,model.layers.10.self_attn.o_proj.weight,10,0.37037037037037035,self_attn.o_proj,,28.904672622680664,1.9038769006729126,230.49333957071093,58.88527664519436,0.0873948261141777
qwen25,model.layers.10.self_attn.q_proj.weight,10,0.37037037037037035,self_attn.q_proj,,42.48829650878906,3.272608518600464,168.55844857396056,57.48870739060925,0.07580415159463882
qwen25,model.layers.10.self_attn.v_proj.weight,10,0.37037037037037035,self_attn.v_proj,,8.900445938110352,0.6681630611419678,177.44289258496522,61.76399438381152,0.0228712260723114
qwen25,model.layers.11.mlp.down_proj.weight,11,0.4074074074074074,mlp.down_proj,,75.267333984375,2.230147361755371,1139.0582785099402,62.5342279543343,0.1790749430656433
qwen25,model.layers.11.mlp.gate_proj.weight,11,0.4074074074074074,mlp.gate_proj,,83.26469421386719,4.906408309936523,288.00127369380334,57.462314970653814,0.2133852243423462
qwen25,model.layers.11.mlp.up_proj.weight,11,0.4074074074074074,mlp.up_proj,,77.78862762451172,3.237248659133911,577.4044143849735,60.46058429376947,0.0182407908141613
qwen25,model.layers.11.self_attn.k_proj.weight,11,0.4074074074074074,self_attn.k_proj,,13.869122505187988,1.5763052701950073,77.41360878482755,58.50358194414194,0.22519266605377197
qwen25,model.layers.11.self_attn.o_proj.weight,11,0.4074074074074074,self_attn.o_proj,,28.179611206054688,1.6286550760269165,299.3724002326,59.966938909536005,0.07713240385055542
qwen25,model.layers.11.self_attn.q_proj.weight,11,0.4074074074074074,self_attn.q_proj,,40.57268142700195,3.273533344268799,153.6150914948745,56.05732438496377,0.048893898725509644
qwen25,model.layers.11.self_attn.v_proj.weight,11,0.4074074074074074,self_attn.v_proj,,8.813495635986328,0.6751548051834106,170.40787536141767,61.776541940758584,0.013166278600692749
qwen25,model.layers.12.mlp.down_proj.weight,12,0.4444444444444444,mlp.down_proj,,77.02837371826172,2.3730828762054443,1053.5997199796761,62.3385368429858,0.19930735230445862
qwen25,model.layers.12.mlp.gate_proj.weight,12,0.4444444444444444,mlp.gate_proj,,84.62725830078125,5.03003454208374,283.0600684431962,56.84935057226525,0.1747930943965912
qwen25,model.layers.12.mlp.up_proj.weight,12,0.4444444444444444,mlp.up_proj,,79.48513793945312,3.5551135540008545,499.87902065474026,59.56312113499999,0.020663505420088768
qwen25,model.layers.12.self_attn.k_proj.weight,12,0.4444444444444444,self_attn.k_proj,,13.726298332214355,1.5133562088012695,82.2667881211945,58.66264148450038,0.26448267698287964
qwen25,model.layers.12.self_attn.o_proj.weight,12,0.4444444444444444,self_attn.o_proj,,27.74419403076172,1.6962310075759888,267.5310722643073,59.66963821875138,0.09311527013778687
qwen25,model.layers.12.self_attn.q_proj.weight,12,0.4444444444444444,self_attn.q_proj,,41.42520523071289,3.2451066970825195,162.9563828302574,57.03308589018303,0.051011405885219574
qwen25,model.layers.12.self_attn.v_proj.weight,12,0.4444444444444444,self_attn.v_proj,,8.501701354980469,0.6903537511825562,151.65904337257797,61.587156947892026,0.03385745733976364
qwen25,model.layers.13.mlp.down_proj.weight,13,0.48148148148148145,mlp.down_proj,,76.85649108886719,2.438138484954834,993.6750058994705,62.29589558389866,0.04184458404779434
qwen25,model.layers.13.mlp.gate_proj.weight,13,0.48148148148148145,mlp.gate_proj,,86.39132690429688,5.23826789855957,271.99747835036294,57.12584348374036,0.15842609107494354
qwen25,model.layers.13.mlp.up_proj.weight,13,0.48148148148148145,mlp.up_proj,,80.1314468383789,3.509169578552246,521.4314922974622,60.16000432088744,0.06582692265510559
qwen25,model.layers.13.self_attn.k_proj.weight,13,0.48148148148148145,self_attn.k_proj,,13.499523162841797,1.6367050409317017,68.02930227563584,57.369065745812456,0.10269980877637863
qwen25,model.layers.13.self_attn.o_proj.weight,13,0.48148148148148145,self_attn.o_proj,,26.318105697631836,1.5814789533615112,276.9379163817926,59.3481666629265,0.009967836551368237
qwen25,model.layers.13.self_attn.q_proj.weight,13,0.48148148148148145,self_attn.q_proj,,41.25667953491211,3.483983278274536,140.2285423222176,56.50005865709712,0.11307179182767868
qwen25,model.layers.13.self_attn.v_proj.weight,13,0.48148148148148145,self_attn.v_proj,,7.962100028991699,0.566804826259613,197.32775715397628,62.27881755149946,0.005672452040016651
qwen25,model.layers.14.mlp.down_proj.weight,14,0.5185185185185185,mlp.down_proj,,77.82969665527344,2.6940486431121826,834.6027465698234,61.896284141080486,0.037756651639938354
qwen25,model.layers.14.mlp.gate_proj.weight,14,0.5185185185185185,mlp.gate_proj,,85.77643585205078,5.274703025817871,264.44780520325736,56.741320003114396,0.08046716451644897
qwen25,model.layers.14.mlp.up_proj.weight,14,0.5185185185185185,mlp.up_proj,,80.55496215820312,3.6350350379943848,491.0971267341845,59.663435852369716,0.10223531723022461
qwen25,model.layers.14.self_attn.k_proj.weight,14,0.5185185185185185,self_attn.k_proj,,13.290605545043945,1.5997153520584106,69.02463393170555,58.77497468027152,0.064471036195755
qwen25,model.layers.14.self_attn.o_proj.weight,14,0.5185185185185185,self_attn.o_proj,,28.974267959594727,3.176076650619507,83.22292858948958,54.51372064852625,0.060153137892484665
qwen25,model.layers.14.self_attn.q_proj.weight,14,0.5185185185185185,self_attn.q_proj,,42.13323974609375,3.384244680404663,154.99803744961199,58.15469044607584,0.07541342079639435
qwen25,model.layers.14.self_attn.v_proj.weight,14,0.5185185185185185,self_attn.v_proj,,8.1605224609375,0.6741799712181091,146.5157243592681,61.26490674742425,0.007777872029691935
qwen25,model.layers.15.mlp.down_proj.weight,15,0.5555555555555556,mlp.down_proj,,80.06806945800781,2.5417776107788086,992.3014242303792,62.252867908479615,0.15529552102088928
qwen25,model.layers.15.mlp.gate_proj.weight,15,0.5555555555555556,mlp.gate_proj,,85.98806762695312,5.156859874725342,278.03899969507245,57.06994769255262,0.04443155974149704
qwen25,model.layers.15.mlp.up_proj.weight,15,0.5555555555555556,mlp.up_proj,,82.41932678222656,3.7851738929748535,474.11801072916506,59.556589054035896,0.06671519577503204
qwen25,model.layers.15.self_attn.k_proj.weight,15,0.5555555555555556,self_attn.k_proj,,13.731544494628906,1.7623873949050903,60.70661552872733,57.48761089099188,0.05185495316982269
qwen25,model.layers.15.self_attn.o_proj.weight,15,0.5555555555555556,self_attn.o_proj,,28.328968048095703,1.8787771463394165,227.35838291102093,58.658082139745886,0.033592648804187775
qwen25,model.layers.15.self_attn.q_proj.weight,15,0.5555555555555556,self_attn.q_proj,,41.43178939819336,3.655364990234375,128.47123081798384,54.873897746882214,0.11103728413581848
qwen25,model.layers.15.self_attn.v_proj.weight,15,0.5555555555555556,self_attn.v_proj,,8.903668403625488,0.7383289933204651,145.42467727580333,61.152334276392736,0.02656208537518978
qwen25,model.layers.16.mlp.down_proj.weight,16,0.5925925925925926,mlp.down_proj,,81.71562194824219,2.608409881591797,981.428142978349,62.10681375736698,0.20079705119132996
qwen25,model.layers.16.mlp.gate_proj.weight,16,0.5925925925925926,mlp.gate_proj,,86.54411315917969,5.066462993621826,291.7865803498547,57.57287126150322,0.052065473049879074
qwen25,model.layers.16.mlp.up_proj.weight,16,0.5925925925925926,mlp.up_proj,,83.54598999023438,3.6779730319976807,515.981508863114,60.06501225021116,0.09862801432609558
qwen25,model.layers.16.self_attn.k_proj.weight,16,0.5925925925925926,self_attn.k_proj,,13.176844596862793,1.5191107988357544,75.2391613571204,58.507487609952406,0.21957148611545563
qwen25,model.layers.16.self_attn.o_proj.weight,16,0.5925925925925926,self_attn.o_proj,,27.55521011352539,1.4852274656295776,344.2084361880106,60.957014404105585,0.02203785628080368
qwen25,model.layers.16.self_attn.q_proj.weight,16,0.5925925925925926,self_attn.q_proj,,41.37117385864258,3.42053484916687,146.28764496009447,57.438536546940725,0.0015661953948438168
qwen25,model.layers.16.self_attn.v_proj.weight,16,0.5925925925925926,self_attn.v_proj,,8.541542053222656,0.6612367033958435,166.86246799576668,61.629107368902496,0.027651546522974968
qwen25,model.layers.17.mlp.down_proj.weight,17,0.6296296296296297,mlp.down_proj,,81.9341812133789,2.710662841796875,913.6486803172747,61.75015379204715,0.025589313358068466
qwen25,model.layers.17.mlp.gate_proj.weight,17,0.6296296296296297,mlp.gate_proj,,86.64331817626953,5.087579250335693,290.03324216536265,57.614889500083024,0.05213768407702446
qwen25,model.layers.17.mlp.up_proj.weight,17,0.6296296296296297,mlp.up_proj,,83.65057373046875,3.5828537940979004,545.1043848341429,60.281930695653514,0.06413354724645615
qwen25,model.layers.17.self_attn.k_proj.weight,17,0.6296296296296297,self_attn.k_proj,,12.373403549194336,1.428162932395935,75.06246822781905,59.10089358379615,0.3983524441719055
qwen25,model.layers.17.self_attn.o_proj.weight,17,0.6296296296296297,self_attn.o_proj,,29.2823486328125,1.5445919036865234,359.40515823272676,61.1868399391342,0.0031758341938257217
qwen25,model.layers.17.self_attn.q_proj.weight,17,0.6296296296296297,self_attn.q_proj,,40.460811614990234,2.983410596847534,183.92599932228384,58.447090558667114,0.030372608453035355
qwen25,model.layers.17.self_attn.v_proj.weight,17,0.6296296296296297,self_attn.v_proj,,8.711174011230469,0.6690136194229126,169.54440411648915,62.04278988859616,0.014656796120107174
qwen25,model.layers.18.mlp.down_proj.weight,18,0.6666666666666666,mlp.down_proj,,79.95664978027344,2.7203805446624756,863.8729132344473,61.60425093987032,0.12413734942674637
qwen25,model.layers.18.mlp.gate_proj.weight,18,0.6666666666666666,mlp.gate_proj,,86.82675170898438,5.1011643409729,289.7133296251976,57.38977775037468,0.06151954084634781
qwen25,model.layers.18.mlp.up_proj.weight,18,0.6666666666666666,mlp.up_proj,,84.5134048461914,3.756108045578003,506.26166691235437,59.847590160163925,0.026684172451496124
qwen25,model.layers.18.self_attn.k_proj.weight,18,0.6666666666666666,self_attn.k_proj,,12.119491577148438,1.4538531303405762,69.49086707084504,57.60420352523276,0.2455844283103943
qwen25,model.layers.18.self_attn.o_proj.weight,18,0.6666666666666666,self_attn.o_proj,,27.321748733520508,1.5577248334884644,307.63482628213876,59.34519529914281,0.09255320578813553
qwen25,model.layers.18.self_attn.q_proj.weight,18,0.6666666666666666,self_attn.q_proj,,40.9652214050293,4.934624195098877,68.91637813447629,50.121720654957684,0.05023873224854469
qwen25,model.layers.18.self_attn.v_proj.weight,18,0.6666666666666666,self_attn.v_proj,,7.90857458114624,0.6070968508720398,169.69946333677444,61.91928016699729,0.006115416996181011
qwen25,model.layers.19.mlp.down_proj.weight,19,0.7037037037037037,mlp.down_proj,,78.24262237548828,2.635491371154785,881.3808258893774,61.84654277875915,0.09993873536586761
qwen25,model.layers.19.mlp.gate_proj.weight,19,0.7037037037037037,mlp.gate_proj,,86.27317810058594,5.481863498687744,247.68240674319824,56.23538925876628,0.13054075837135315
qwen25,model.layers.19.mlp.up_proj.weight,19,0.7037037037037037,mlp.up_proj,,84.11256408691406,3.988518476486206,444.73215197319246,59.378596328353936,0.09349848330020905
qwen25,model.layers.19.self_attn.k_proj.weight,19,0.7037037037037037,self_attn.k_proj,,11.368284225463867,1.2196907997131348,86.87410641090342,59.47284314614183,0.2957460284233093
qwen25,model.layers.19.self_attn.o_proj.weight,19,0.7037037037037037,self_attn.o_proj,,26.501012802124023,1.4730678796768188,323.65284145925045,60.45672121686019,0.13202795386314392
qwen25,model.layers.19.self_attn.q_proj.weight,19,0.7037037037037037,self_attn.q_proj,,39.599334716796875,4.594231128692627,74.29337692338248,50.83642808478089,0.2504257559776306
qwen25,model.layers.19.self_attn.v_proj.weight,19,0.7037037037037037,self_attn.v_proj,,7.905898094177246,0.5667397975921631,194.59649006734796,62.03959486564349,0.01733005978167057
qwen25,model.layers.2.mlp.down_proj.weight,2,0.07407407407407407,mlp.down_proj,,63.907039642333984,8.692831039428711,54.04741455905743,31.77951098648532,0.19391535222530365
qwen25,model.layers.2.mlp.gate_proj.weight,2,0.07407407407407407,mlp.gate_proj,,78.36128234863281,8.229796409606934,90.66191443910799,48.366275145629295,0.09075485169887543
qwen25,model.layers.2.mlp.up_proj.weight,2,0.07407407407407407,mlp.up_proj,,72.57832336425781,9.846833229064941,54.32762222480053,40.7166420996432,0.04272818937897682
qwen25,model.layers.2.self_attn.k_proj.weight,2,0.07407407407407407,self_attn.k_proj,,14.975183486938477,1.977492332458496,57.3475261764631,57.016308738126796,0.049248650670051575
qwen25,model.layers.2.self_attn.o_proj.weight,2,0.07407407407407407,self_attn.o_proj,,30.457857131958008,2.0621447563171387,218.1526003399007,58.429925317124805,0.01944076642394066
qwen25,model.layers.2.self_attn.q_proj.weight,2,0.07407407407407407,self_attn.q_proj,,41.11509323120117,3.768435001373291,119.03659649847897,55.74473394763001,0.2796092927455902
qwen25,model.layers.2.self_attn.v_proj.weight,2,0.07407407407407407,self_attn.v_proj,,8.836254119873047,0.7635380029678345,133.92913961844243,61.26858774439093,0.07058543711900711
qwen25,model.layers.20.mlp.down_proj.weight,20,0.7407407407407407,mlp.down_proj,,77.0813217163086,2.650859832763672,845.5217363879331,61.748122136488014,0.0538778118789196
qwen25,model.layers.20.mlp.gate_proj.weight,20,0.7407407407407407,mlp.gate_proj,,84.71996307373047,5.203379154205322,265.09441010804926,56.534095801940886,0.1299518644809723
qwen25,model.layers.20.mlp.up_proj.weight,20,0.7407407407407407,mlp.up_proj,,83.7746353149414,3.966287136077881,446.12523436588526,59.162191936251354,0.09499241411685944
qwen25,model.layers.20.self_attn.k_proj.weight,20,0.7407407407407407,self_attn.k_proj,,11.066320419311523,1.3063567876815796,71.7600725857483,58.36181566983425,0.6072285771369934
qwen25,model.layers.20.self_attn.o_proj.weight,20,0.7407407407407407,self_attn.o_proj,,29.46613121032715,1.4962279796600342,387.8382987297216,60.80188039814674,0.03702656179666519
qwen25,model.layers.20.self_attn.q_proj.weight,20,0.7407407407407407,self_attn.q_proj,,38.30058288574219,3.100623846054077,152.58526678054233,57.73096947577698,0.05260799452662468
qwen25,model.layers.20.self_attn.v_proj.weight,20,0.7407407407407407,self_attn.v_proj,,8.768959999084473,0.8131166696548462,116.3028745101003,60.92069201819424,0.001992512494325638
qwen25,model.layers.21.mlp.down_proj.weight,21,0.7777777777777778,mlp.down_proj,,75.18589782714844,2.5707223415374756,855.3865881482168,61.777955909773844,0.10086993873119354
qwen25,model.layers.21.mlp.gate_proj.weight,21,0.7777777777777778,mlp.gate_proj,,84.0734634399414,5.045602321624756,277.6462689954669,56.91007753324237,0.2365580052137375
qwen25,model.layers.21.mlp.up_proj.weight,21,0.7777777777777778,mlp.up_proj,,83.21035766601562,3.8625686168670654,464.09016228190154,59.564768468525784,0.11446622014045715
qwen25,model.layers.21.self_attn.k_proj.weight,21,0.7777777777777778,self_attn.k_proj,,11.03576946258545,1.159292221069336,90.61902716121382,59.71122209771394,0.13799796998500824
qwen25,model.layers.21.self_attn.o_proj.weight,21,0.7777777777777778,self_attn.o_proj,,29.502538681030273,1.5560405254364014,359.4818514634378,61.132363140064626,0.12474480271339417
qwen25,model.layers.21.self_attn.q_proj.weight,21,0.7777777777777778,self_attn.q_proj,,39.56955337524414,3.0877978801727295,164.21944018523365,58.25768875675956,0.08559975773096085
qwen25,model.layers.21.self_attn.v_proj.weight,21,0.7777777777777778,self_attn.v_proj,,8.730384826660156,0.6876400709152222,161.19234816924757,61.70017681138169,0.01948707550764084
qwen25,model.layers.22.mlp.down_proj.weight,22,0.8148148148148148,mlp.down_proj,,74.2724380493164,2.9086525440216064,652.0361431399672,60.76162301573734,0.011562593281269073
qwen25,model.layers.22.mlp.gate_proj.weight,22,0.8148148148148148,mlp.gate_proj,,82.76541137695312,5.307923793792725,243.1355131600128,55.74983776408053,0.429207444190979
qwen25,model.layers.22.mlp.up_proj.weight,22,0.8148148148148148,mlp.up_proj,,82.6728744506836,4.086331844329834,409.31608501306545,59.25160281746437,0.028170982375741005
qwen25,model.layers.22.self_attn.k_proj.weight,22,0.8148148148148148,self_attn.k_proj,,11.238762855529785,1.0686057806015015,110.61193163926012,60.74974508300719,0.03622078895568848
qwen25,model.layers.22.self_attn.o_proj.weight,22,0.8148148148148148,self_attn.o_proj,,34.013389587402344,1.66363525390625,418.0070410408397,61.050418647334524,0.009169531986117363
qwen25,model.layers.22.self_attn.q_proj.weight,22,0.8148148148148148,self_attn.q_proj,,41.041748046875,2.7599241733551025,221.1349559441204,60.2499751015654,0.011949778534471989
qwen25,model.layers.22.self_attn.v_proj.weight,22,0.8148148148148148,self_attn.v_proj,,10.321935653686523,0.7645235061645508,182.2806669952957,62.049180428138534,0.050879113376140594
qwen25,model.layers.23.mlp.down_proj.weight,23,0.8518518518518519,mlp.down_proj,,73.31581115722656,3.1846225261688232,530.0042625015035,59.5257843311925,0.04262611269950867
qwen25,model.layers.23.mlp.gate_proj.weight,23,0.8518518518518519,mlp.gate_proj,,81.62202453613281,6.255565643310547,170.24781780125517,52.50264715048723,0.6013074517250061
qwen25,model.layers.23.mlp.up_proj.weight,23,0.8518518518518519,mlp.up_proj,,82.15142059326172,4.40842866897583,347.26620383849405,58.45230243326538,0.15341126918792725
qwen25,model.layers.23.self_attn.k_proj.weight,23,0.8518518518518519,self_attn.k_proj,,12.327903747558594,1.1896998882293701,107.37511159598907,60.431213809454675,0.012818758375942707
qwen25,model.layers.23.self_attn.o_proj.weight,23,0.8518518518518519,self_attn.o_proj,,33.43883514404297,1.820908546447754,337.22985192607774,61.17403294588804,0.022458622232079506
qwen25,model.layers.23.self_attn.q_proj.weight,23,0.8518518518518519,self_attn.q_proj,,42.70683670043945,2.8838188648223877,219.3102105227684,59.50540803150568,0.007393182720988989
qwen25,model.layers.23.self_attn.v_proj.weight,23,0.8518518518518519,self_attn.v_proj,,11.226154327392578,0.8299283981323242,182.97036977488494,62.139339361855484,0.011262187734246254
qwen25,model.layers.24.mlp.down_proj.weight,24,0.8888888888888888,mlp.down_proj,,74.7094955444336,3.4261722564697266,475.4810573815396,59.680308935529084,0.04354160279035568
qwen25,model.layers.24.mlp.gate_proj.weight,24,0.8888888888888888,mlp.gate_proj,,79.6141357421875,5.5825090408325195,203.38620821931272,54.38866340369519,0.4472433030605316
qwen25,model.layers.24.mlp.up_proj.weight,24,0.8888888888888888,mlp.up_proj,,81.3550796508789,4.824813365936279,284.32059026771935,57.3036682090858,0.30158495903015137
qwen25,model.layers.24.self_attn.k_proj.weight,24,0.8888888888888888,self_attn.k_proj,,11.768062591552734,1.147415041923523,105.18864516781231,60.46834002167957,0.04165800288319588
qwen25,model.layers.24.self_attn.o_proj.weight,24,0.8888888888888888,self_attn.o_proj,,36.08599090576172,2.2144370079040527,265.5526312684266,60.28733493481295,0.23892605304718018
qwen25,model.layers.24.self_attn.q_proj.weight,24,0.8888888888888888,self_attn.q_proj,,42.365386962890625,2.8809401988983154,216.24888065094834,59.82245385453933,0.14304211735725403
qwen25,model.layers.24.self_attn.v_proj.weight,24,0.8888888888888888,self_attn.v_proj,,11.872106552124023,0.9273156523704529,163.90809043322267,61.82083220808167,0.009336496703326702
qwen25,model.layers.25.mlp.down_proj.weight,25,0.9259259259259259,mlp.down_proj,,78.45098876953125,3.3888766765594482,535.9019207064164,60.203910719146364,0.005236833356320858
qwen25,model.layers.25.mlp.gate_proj.weight,25,0.9259259259259259,mlp.gate_proj,,77.82612609863281,5.483426094055176,201.44052191224955,54.08879513251404,0.29453933238983154
qwen25,model.layers.25.mlp.up_proj.weight,25,0.9259259259259259,mlp.up_proj,,82.2823486328125,5.549275875091553,219.85721764858144,55.31912800324057,0.3053222894668579
qwen25,model.layers.25.self_attn.k_proj.weight,25,0.9259259259259259,self_attn.k_proj,,11.908547401428223,1.2255061864852905,94.42490650214135,60.33239869600086,0.0039720358327031136
qwen25,model.layers.25.self_attn.o_proj.weight,25,0.9259259259259259,self_attn.o_proj,,36.617889404296875,2.2979230880737305,253.93095147397406,59.48691080496787,0.39850619435310364
qwen25,model.layers.25.self_attn.q_proj.weight,25,0.9259259259259259,self_attn.q_proj,,42.54665756225586,2.805368423461914,230.01231392311774,59.53322143147642,0.03358935937285423
qwen25,model.layers.25.self_attn.v_proj.weight,25,0.9259259259259259,self_attn.v_proj,,12.995105743408203,1.040233850479126,156.0621807499946,61.98870377859122,0.09860573709011078
qwen25,model.layers.26.mlp.down_proj.weight,26,0.9629629629629629,mlp.down_proj,,81.65615844726562,4.012450695037842,414.15076821717145,57.561946050275665,0.06319639086723328
qwen25,model.layers.26.mlp.gate_proj.weight,26,0.9629629629629629,mlp.gate_proj,,81.64710998535156,4.842550277709961,284.27152335954423,56.09392999623936,0.31343182921409607
qwen25,model.layers.26.mlp.up_proj.weight,26,0.9629629629629629,mlp.up_proj,,84.36481475830078,6.18177604675293,186.24995638494008,54.340006058172264,0.2938913404941559
qwen25,model.layers.26.self_attn.k_proj.weight,26,0.9629629629629629,self_attn.k_proj,,11.582170486450195,1.1758607625961304,97.02152786786475,60.46903203087329,0.058278992772102356
qwen25,model.layers.26.self_attn.o_proj.weight,26,0.9629629629629629,self_attn.o_proj,,36.598915100097656,2.697099208831787,184.13764324382495,57.79310667199741,0.3379012644290924
qwen25,model.layers.26.self_attn.q_proj.weight,26,0.9629629629629629,self_attn.q_proj,,41.80003356933594,3.115751028060913,179.98145861465358,58.449125085430346,0.07652857899665833
qwen25,model.layers.26.self_attn.v_proj.weight,26,0.9629629629629629,self_attn.v_proj,,15.866506576538086,1.462864637374878,117.63981935523027,60.99210785143303,0.0065485406666994095
qwen25,model.layers.27.mlp.down_proj.weight,27,1.0,mlp.down_proj,,78.69237518310547,5.730532646179199,188.57118306167428,54.642218057966424,0.18168315291404724
qwen25,model.layers.27.mlp.gate_proj.weight,27,1.0,mlp.gate_proj,,80.41741943359375,7.329533576965332,120.37812870032243,45.66690880814791,0.6938284635543823
qwen25,model.layers.27.mlp.up_proj.weight,27,1.0,mlp.up_proj,,82.26172637939453,8.188374519348145,100.92534502183155,46.416846219701235,0.3908935487270355
qwen25,model.layers.27.self_attn.k_proj.weight,27,1.0,self_attn.k_proj,,12.723858833312988,1.3381948471069336,90.40635875370255,59.939637412455994,0.052429959177970886
qwen25,model.layers.27.self_attn.o_proj.weight,27,1.0,self_attn.o_proj,,34.213138580322266,3.7856268882751465,81.67896345915291,51.42643843668519,0.49386337399482727
qwen25,model.layers.27.self_attn.q_proj.weight,27,1.0,self_attn.q_proj,,42.48678970336914,4.837514877319336,77.13708214945115,51.53485413105647,0.3139776885509491
qwen25,model.layers.27.self_attn.v_proj.weight,27,1.0,self_attn.v_proj,,18.125450134277344,3.276691436767578,30.598948965756808,48.98545225166455,0.008709527552127838
qwen25,model.layers.3.mlp.down_proj.weight,3,0.1111111111111111,mlp.down_proj,,73.25345611572266,4.482728958129883,267.0369001535337,54.15149200622499,0.8238941431045532
qwen25,model.layers.3.mlp.gate_proj.weight,3,0.1111111111111111,mlp.gate_proj,,86.23722839355469,4.303642749786377,401.52921940221796,58.593226800457394,0.2638227045536041
qwen25,model.layers.3.mlp.up_proj.weight,3,0.1111111111111111,mlp.up_proj,,80.50801086425781,3.551682472229004,513.8187272443529,59.86231735017297,0.6404653787612915
qwen25,model.layers.3.self_attn.k_proj.weight,3,0.1111111111111111,self_attn.k_proj,,15.995967864990234,2.648252248764038,36.48399155309261,53.100347153522435,0.28189605474472046
qwen25,model.layers.3.self_attn.o_proj.weight,3,0.1111111111111111,self_attn.o_proj,,28.45000457763672,1.9509925842285156,212.64415220556478,57.437605334319066,0.19695815443992615
qwen25,model.layers.3.self_attn.q_proj.weight,3,0.1111111111111111,self_attn.q_proj,,42.940738677978516,4.359453201293945,97.02306326207523,53.83507452565299,0.40766817331314087
qwen25,model.layers.3.self_attn.v_proj.weight,3,0.1111111111111111,self_attn.v_proj,,8.547368049621582,0.6946479678153992,151.40327556695033,61.34286840501065,0.002305109053850174
qwen25,model.layers.4.mlp.down_proj.weight,4,0.14814814814814814,mlp.down_proj,,73.50273132324219,3.2186386585235596,521.509841698412,59.74391750959748,0.3459993004798889
qwen25,model.layers.4.mlp.gate_proj.weight,4,0.14814814814814814,mlp.gate_proj,,86.85384368896484,5.040782928466797,296.880787920893,55.84173315335631,0.5590670108795166
qwen25,model.layers.4.mlp.up_proj.weight,4,0.14814814814814814,mlp.up_proj,,78.61991882324219,3.2327234745025635,591.4636627227354,60.28014855279671,0.015481476671993732
qwen25,model.layers.4.self_attn.k_proj.weight,4,0.14814814814814814,self_attn.k_proj,,16.0834903717041,2.1137301921844482,57.897725798968764,56.7115658003855,0.044758155941963196
qwen25,model.layers.4.self_attn.o_proj.weight,4,0.14814814814814814,self_attn.o_proj,,33.84198760986328,2.7962229251861572,146.47656277428806,56.765567689935835,0.01925269141793251
qwen25,model.layers.4.self_attn.q_proj.weight,4,0.14814814814814814,self_attn.q_proj,,43.57186508178711,4.63900089263916,88.21925546936758,54.306681349480044,0.3861432671546936
qwen25,model.layers.4.self_attn.v_proj.weight,4,0.14814814814814814,self_attn.v_proj,,11.232973098754883,1.0970152616500854,104.84895313585139,59.36820602847254,0.016234319657087326
qwen25,model.layers.5.mlp.down_proj.weight,5,0.18518518518518517,mlp.down_proj,,76.15788269042969,3.1241769790649414,594.235327395168,60.1622419114877,0.3629876673221588
qwen25,model.layers.5.mlp.gate_proj.weight,5,0.18518518518518517,mlp.gate_proj,,87.18087768554688,4.030052661895752,467.97325266418585,58.62975501402333,0.2533304691314697
qwen25,model.layers.5.mlp.up_proj.weight,5,0.18518518518518517,mlp.up_proj,,81.86536407470703,3.265556812286377,628.4719624668693,60.48676746830436,0.11445050686597824
qwen25,model.layers.5.self_attn.k_proj.weight,5,0.18518518518518517,self_attn.k_proj,,14.74783992767334,1.693019986152649,75.88093267648553,59.03934906846205,0.06413881480693817
qwen25,model.layers.5.self_attn.o_proj.weight,5,0.18518518518518517,self_attn.o_proj,,33.40947723388672,2.0028281211853027,278.26078065042793,59.781505158776596,0.002218503039330244
qwen25,model.layers.5.self_attn.q_proj.weight,5,0.18518518518518517,self_attn.q_proj,,43.621273040771484,3.5155560970306396,153.96024983088228,57.30265721082711,0.324435830116272
qwen25,model.layers.5.self_attn.v_proj.weight,5,0.18518518518518517,self_attn.v_proj,,10.868807792663574,0.8578317165374756,160.53126152588047,61.50213935386909,0.060266975313425064
qwen25,model.layers.6.mlp.down_proj.weight,6,0.2222222222222222,mlp.down_proj,,73.76317596435547,2.1668429374694824,1158.8423265905803,62.45356095985487,0.0952616035938263
qwen25,model.layers.6.mlp.gate_proj.weight,6,0.2222222222222222,mlp.gate_proj,,86.32235717773438,6.440921306610107,179.6183058225308,49.68743985790307,0.44360053539276123
qwen25,model.layers.6.mlp.up_proj.weight,6,0.2222222222222222,mlp.up_proj,,74.60383605957031,3.0829484462738037,585.5847973715141,59.99442448716865,0.010827702470123768
qwen25,model.layers.6.self_attn.k_proj.weight,6,0.2222222222222222,self_attn.k_proj,,14.851892471313477,1.7929474115371704,68.61648856290496,57.535465137152514,0.18087100982666016
qwen25,model.layers.6.self_attn.o_proj.weight,6,0.2222222222222222,self_attn.o_proj,,31.048444747924805,2.3984603881835938,167.5770731807669,57.28347894744134,0.5459945201873779
qwen25,model.layers.6.self_attn.q_proj.weight,6,0.2222222222222222,self_attn.q_proj,,42.936790466308594,3.656686782836914,137.8743987068075,56.12212912625604,0.17086413502693176
qwen25,model.layers.6.self_attn.v_proj.weight,6,0.2222222222222222,self_attn.v_proj,,9.872626304626465,0.89574134349823,121.47870609992765,60.435392251902314,0.069564588367939
qwen25,model.layers.7.mlp.down_proj.weight,7,0.25925925925925924,mlp.down_proj,,72.66047668457031,2.2913546562194824,1005.5689536107092,62.055157361668904,0.06107154116034508
qwen25,model.layers.7.mlp.gate_proj.weight,7,0.25925925925925924,mlp.gate_proj,,85.59629821777344,5.4260687828063965,248.85099229773343,56.07197445692224,0.2665567398071289
qwen25,model.layers.7.mlp.up_proj.weight,7,0.25925925925925924,mlp.up_proj,,77.9426040649414,3.254960536956787,573.4008968125218,60.05859695736712,0.24476537108421326
qwen25,model.layers.7.self_attn.k_proj.weight,7,0.25925925925925924,self_attn.k_proj,,13.149075508117676,1.4549583196640015,81.67503592222356,58.272497075067925,0.24743644893169403
qwen25,model.layers.7.self_attn.o_proj.weight,7,0.25925925925925924,self_attn.o_proj,,29.018146514892578,1.4450057744979858,403.2739537074195,61.12195741069183,0.05413243919610977
qwen25,model.layers.7.self_attn.q_proj.weight,7,0.25925925925925924,self_attn.q_proj,,41.16621017456055,3.3559205532073975,150.47294888343677,56.69880332680179,0.12369998544454575
qwen25,model.layers.7.self_attn.v_proj.weight,7,0.25925925925925924,self_attn.v_proj,,8.784067153930664,0.6409357786178589,187.8288343299966,62.06513006197192,0.012060260400176048
qwen25,model.layers.8.mlp.down_proj.weight,8,0.2962962962962963,mlp.down_proj,,75.44454956054688,2.181551218032837,1195.9827408785204,62.48945638654788,0.10861745476722717
qwen25,model.layers.8.mlp.gate_proj.weight,8,0.2962962962962963,mlp.gate_proj,,84.93120574951172,5.020785808563232,286.14831356277614,57.102476580137825,0.21360567212104797
qwen25,model.layers.8.mlp.up_proj.weight,8,0.2962962962962963,mlp.up_proj,,78.70205688476562,3.2201671600341797,597.3313826265228,60.78915398062971,0.02585257962346077
qwen25,model.layers.8.self_attn.k_proj.weight,8,0.2962962962962963,self_attn.k_proj,,13.854519844055176,1.494084119796753,85.98701215814795,59.3203265742722,0.2337924838066101
qwen25,model.layers.8.self_attn.o_proj.weight,8,0.2962962962962963,self_attn.o_proj,,29.448057174682617,1.7976696491241455,268.34500957020185,59.32507883545741,0.03838316351175308
qwen25,model.layers.8.self_attn.q_proj.weight,8,0.2962962962962963,self_attn.q_proj,,41.36481857299805,3.4850597381591797,140.87755123418512,56.372850420565904,0.0927976667881012
qwen25,model.layers.8.self_attn.v_proj.weight,8,0.2962962962962963,self_attn.v_proj,,9.142302513122559,0.7550522089004517,146.60784517853148,61.1254257903317,0.04417518898844719
qwen25,model.layers.9.mlp.down_proj.weight,9,0.3333333333333333,mlp.down_proj,,68.4178237915039,2.7310216426849365,627.6076501391074,61.16936591559926,0.28330206871032715
qwen25,model.layers.9.mlp.gate_proj.weight,9,0.3333333333333333,mlp.gate_proj,,88.97085571289062,8.363468170166016,113.16775965351214,47.24778655733738,0.7750773429870605
qwen25,model.layers.9.mlp.up_proj.weight,9,0.3333333333333333,mlp.up_proj,,71.91483306884766,2.893544912338257,617.6984307461754,61.21006856967775,0.07552777230739594
qwen25,model.layers.9.self_attn.k_proj.weight,9,0.3333333333333333,self_attn.k_proj,,13.231334686279297,1.4868983030319214,79.18533866580378,58.5484849283699,0.19148260354995728
qwen25,model.layers.9.self_attn.o_proj.weight,9,0.3333333333333333,self_attn.o_proj,,28.84861946105957,1.5555731058120728,343.92933335126673,60.95489258146014,0.10814103484153748
qwen25,model.layers.9.self_attn.q_proj.weight,9,0.3333333333333333,self_attn.q_proj,,41.67171096801758,3.6217494010925293,132.38716145346731,56.79507940452458,0.11175737529993057
qwen25,model.layers.9.self_attn.v_proj.weight,9,0.3333333333333333,self_attn.v_proj,,8.09050464630127,0.6090667247772217,176.4499244325818,62.05870828784733,0.06945845484733582
qwen3,model.layers.0.mlp.down_proj.weight,0,0.0,mlp.down_proj,,34.689842224121094,2.210256576538086,246.33111136417565,57.54045853250362,0.11008148640394211
qwen3,model.layers.0.mlp.gate_proj.weight,0,0.0,mlp.gate_proj,,38.62599563598633,4.726799488067627,66.77670944754283,52.44388486127966,0.4463482201099396
qwen3,model.layers.0.mlp.up_proj.weight,0,0.0,mlp.up_proj,,38.657310485839844,4.095956325531006,89.07434481138867,54.229865104316936,0.41098570823669434
qwen3,model.layers.0.self_attn.k_proj.weight,0,0.0,self_attn.k_proj,,8.861867904663086,2.3300211429595947,14.465412428159155,36.3775628350112,0.005849761888384819
qwen3,model.layers.0.self_attn.o_proj.weight,0,0.0,self_attn.o_proj,,17.408157348632812,1.7654043436050415,97.23379254597667,53.65761184518632,0.06553788483142853
qwen3,model.layers.0.self_attn.q_proj.weight,0,0.0,self_attn.q_proj,,18.989503860473633,4.644306182861328,16.71804727777016,33.26710442563331,0.04248761758208275
qwen3,model.layers.0.self_attn.v_proj.weight,0,0.0,self_attn.v_proj,,7.517702579498291,0.9164341688156128,67.2926657890322,53.248105926262674,0.07922852039337158
qwen3,model.layers.1.mlp.down_proj.weight,1,0.02857142857142857,mlp.down_proj,,24.338294982910156,5.697506904602051,18.247802871893338,22.024893533921656,0.5432093143463135
qwen3,model.layers.1.mlp.gate_proj.weight,1,0.02857142857142857,mlp.gate_proj,,27.1010684967041,6.961698055267334,15.154529648492284,32.568940813018116,0.08285896480083466
qwen3,model.layers.1.mlp.up_proj.weight,1,0.02857142857142857,mlp.up_proj,,23.30265235900879,4.682814598083496,24.76263095579506,35.431405268000496,0.3070887327194214
qwen3,model.layers.1.self_attn.k_proj.weight,1,0.02857142857142857,self_attn.k_proj,,11.43932819366455,3.0053138732910156,14.48843136424317,41.708572855581224,0.0261340644210577
qwen3,model.layers.1.self_attn.o_proj.weight,1,0.02857142857142857,self_attn.o_proj,,19.742338180541992,1.9750621318817139,99.91614034592156,54.59475264616536,0.004906591959297657
qwen3,model.layers.1.self_attn.q_proj.weight,1,0.02857142857142857,self_attn.q_proj,,22.055761337280273,4.214775562286377,27.38389373017755,44.04357023619662,0.07275703549385071
qwen3,model.layers.1.self_attn.v_proj.weight,1,0.02857142857142857,self_attn.v_proj,,9.780529975891113,1.2988017797470093,56.70730744848672,54.1323746026246,0.03982949256896973
qwen3,model.layers.10.mlp.down_proj.weight,10,0.2857142857142857,mlp.down_proj,,33.78011703491211,1.3205246925354004,654.3788388620927,61.12597958345258,0.11479231715202332
qwen3,model.layers.10.mlp.gate_proj.weight,10,0.2857142857142857,mlp.gate_proj,,39.66389465332031,2.955789089202881,180.07102162920253,53.658955124015314,0.10244894027709961
qwen3,model.layers.10.mlp.up_proj.weight,10,0.2857142857142857,mlp.up_proj,,33.46450424194336,2.2666971683502197,217.96250320276306,55.1477772596539,0.04780765622854233
qwen3,model.layers.10.self_attn.k_proj.weight,10,0.2857142857142857,self_attn.k_proj,,10.947049140930176,1.8014732599258423,36.92652968830073,49.59416596725224,0.04606783390045166
qwen3,model.layers.10.self_attn.o_proj.weight,10,0.2857142857142857,self_attn.o_proj,,18.770488739013672,1.232515573501587,231.93502134337973,58.8162155234955,0.03320382162928581
qwen3,model.layers.10.self_attn.q_proj.weight,10,0.2857142857142857,self_attn.q_proj,,22.594783782958984,3.4084348678588867,43.94468752302265,46.256392331314935,0.09924843907356262
qwen3,model.layers.10.self_attn.v_proj.weight,10,0.2857142857142857,self_attn.v_proj,,9.227177619934082,0.7987833023071289,133.43808655247358,59.261266256531606,0.004376975353807211
qwen3,model.layers.11.mlp.down_proj.weight,11,0.3142857142857143,mlp.down_proj,,34.5118293762207,1.2888169288635254,717.0566986929819,61.44691302809274,0.1042654812335968
qwen3,model.layers.11.mlp.gate_proj.weight,11,0.3142857142857143,mlp.gate_proj,,39.38628005981445,2.793159008026123,198.8376445412597,54.59116023703802,0.1066291555762291
qwen3,model.layers.11.mlp.up_proj.weight,11,0.3142857142857143,mlp.up_proj,,34.07255172729492,2.2892403602600098,221.52693098920508,55.45379417238705,0.032492153346538544
qwen3,model.layers.11.self_attn.k_proj.weight,11,0.3142857142857143,self_attn.k_proj,,11.649703025817871,1.9695231914520264,34.98706491642467,49.58198856682338,0.02114943042397499
qwen3,model.layers.11.self_attn.o_proj.weight,11,0.3142857142857143,self_attn.o_proj,,19.396060943603516,1.3825139999389648,196.82850976446494,58.40953421445109,0.02393900230526924
qwen3,model.layers.11.self_attn.q_proj.weight,11,0.3142857142857143,self_attn.q_proj,,23.746797561645508,3.7542309761047363,40.00996048415414,46.03453871271546,0.08353572338819504
qwen3,model.layers.11.self_attn.v_proj.weight,11,0.3142857142857143,self_attn.v_proj,,9.813151359558105,0.8059741258621216,148.24320480781114,59.253043756646406,0.006734631489962339
qwen3,model.layers.12.mlp.down_proj.weight,12,0.34285714285714286,mlp.down_proj,,34.943603515625,1.301482081413269,720.8733853802747,61.708209249981074,0.11309794336557388
qwen3,model.layers.12.mlp.gate_proj.weight,12,0.34285714285714286,mlp.gate_proj,,39.639163970947266,2.8712997436523438,190.58640059561253,54.35971520112227,0.10176354646682739
qwen3,model.layers.12.mlp.up_proj.weight,12,0.34285714285714286,mlp.up_proj,,34.71326446533203,2.3850162029266357,211.84013591102783,54.84224612353771,0.0025625061243772507
qwen3,model.layers.12.self_attn.k_proj.weight,12,0.34285714285714286,self_attn.k_proj,,11.92586898803711,1.9700802564620972,36.64478946070145,50.91708019474571,0.027681194245815277
qwen3,model.layers.12.self_attn.o_proj.weight,12,0.34285714285714286,self_attn.o_proj,,18.71928596496582,1.252813696861267,223.2572505422728,58.745722722007606,0.031642623245716095
qwen3,model.layers.12.self_attn.q_proj.weight,12,0.34285714285714286,self_attn.q_proj,,24.451099395751953,3.8047678470611572,41.29908753899136,47.349853898129744,0.08175802230834961
qwen3,model.layers.12.self_attn.v_proj.weight,12,0.34285714285714286,self_attn.v_proj,,9.374579429626465,0.8683055639266968,116.5623832483184,59.03782887164074,0.0009004315361380577
qwen3,model.layers.13.mlp.down_proj.weight,13,0.37142857142857144,mlp.down_proj,,35.628517150878906,1.349389910697937,697.1409240503807,61.53226505071851,0.06031322851777077
qwen3,model.layers.13.mlp.gate_proj.weight,13,0.37142857142857144,mlp.gate_proj,,39.916778564453125,2.89194655418396,190.5155568908306,54.28217684228794,0.09194068610668182
qwen3,model.layers.13.mlp.up_proj.weight,13,0.37142857142857144,mlp.up_proj,,35.569419860839844,2.5216729640960693,198.96470362694387,54.579174234396795,0.007110760547220707
qwen3,model.layers.13.self_attn.k_proj.weight,13,0.37142857142857144,self_attn.k_proj,,11.888657569885254,1.542466402053833,59.40653340197489,55.91740623460069,0.05052565038204193
qwen3,model.layers.13.self_attn.o_proj.weight,13,0.37142857142857144,self_attn.o_proj,,19.32063865661621,1.381722092628479,195.52466617977592,58.52261057501721,0.03437009081244469
qwen3,model.layers.13.self_attn.q_proj.weight,13,0.37142857142857144,self_attn.q_proj,,24.20116424560547,3.900860548019409,38.49033298201711,46.81230551518255,0.1474059522151947
qwen3,model.layers.13.self_attn.v_proj.weight,13,0.37142857142857144,self_attn.v_proj,,9.859481811523438,0.8089655637741089,148.54160446067343,59.1606967863762,0.007335192058235407
qwen3,model.layers.14.mlp.down_proj.weight,14,0.4,mlp.down_proj,,35.52668380737305,1.288830280303955,759.832524290359,61.96364322293643,0.08584602922201157
qwen3,model.layers.14.mlp.gate_proj.weight,14,0.4,mlp.gate_proj,,40.76085662841797,2.8274805545806885,207.82000523042302,55.160085399338136,0.09133286774158478
qwen3,model.layers.14.mlp.up_proj.weight,14,0.4,mlp.up_proj,,35.431705474853516,2.441838264465332,210.54761412389163,55.24163038351118,0.0341927744448185
qwen3,model.layers.14.self_attn.k_proj.weight,14,0.4,self_attn.k_proj,,11.707135200500488,2.2798514366149902,26.368666791455404,44.08496284803624,0.021618954837322235
qwen3,model.layers.14.self_attn.o_proj.weight,14,0.4,self_attn.o_proj,,17.07076644897461,1.008368730545044,286.5941371296344,59.33662162626029,0.015314778313040733
qwen3,model.layers.14.self_attn.q_proj.weight,14,0.4,self_attn.q_proj,,24.202476501464844,3.978403329849243,37.008543618462475,44.25601873364984,0.02746640518307686
qwen3,model.layers.14.self_attn.v_proj.weight,14,0.4,self_attn.v_proj,,8.627248764038086,0.7351551651954651,137.7167027209491,58.56305998686116,0.005343049764633179
qwen3,model.layers.15.mlp.down_proj.weight,15,0.42857142857142855,mlp.down_proj,,36.39690399169922,1.4130549430847168,663.4539573845084,61.653327054613904,0.08057326078414917
qwen3,model.layers.15.mlp.gate_proj.weight,15,0.42857142857142855,mlp.gate_proj,,40.985313415527344,2.8790054321289062,202.6616398118919,55.2702444022698,0.06304830312728882
qwen3,model.layers.15.mlp.up_proj.weight,15,0.42857142857142855,mlp.up_proj,,36.54682540893555,2.525181770324707,209.46623477471334,55.22235194440827,0.003963172435760498
qwen3,model.layers.15.self_attn.k_proj.weight,15,0.42857142857142855,self_attn.k_proj,,11.956533432006836,1.9279667139053345,38.46019677254692,51.05755858881796,0.029492441564798355
qwen3,model.layers.15.self_attn.o_proj.weight,15,0.42857142857142855,self_attn.o_proj,,17.307043075561523,0.8395320773124695,424.9826106826536,61.27188914407132,0.06911032646894455
qwen3,model.layers.15.self_attn.q_proj.weight,15,0.42857142857142855,self_attn.q_proj,,24.402935028076172,3.6219329833984375,45.39450728988652,47.19540073773347,0.08864819258451462
qwen3,model.layers.15.self_attn.v_proj.weight,15,0.42857142857142855,self_attn.v_proj,,9.121244430541992,0.6768409013748169,181.60800926475756,60.180719557976204,0.011539816856384277
qwen3,model.layers.16.mlp.down_proj.weight,16,0.45714285714285713,mlp.down_proj,,36.008060455322266,1.194044828414917,909.4067936679577,62.14790312190267,0.09311104565858841
qwen3,model.layers.16.mlp.gate_proj.weight,16,0.45714285714285713,mlp.gate_proj,,41.81096267700195,2.818054437637329,220.1311880736458,55.69374803149322,0.06252673268318176
qwen3,model.layers.16.mlp.up_proj.weight,16,0.45714285714285713,mlp.up_proj,,36.48847961425781,2.458179473876953,220.33544125818892,55.612066008894175,0.026498524472117424
qwen3,model.layers.16.self_attn.k_proj.weight,16,0.45714285714285713,self_attn.k_proj,,11.264756202697754,1.670652151107788,45.4644064310924,52.259494147226626,0.0040951985865831375
qwen3,model.layers.16.self_attn.o_proj.weight,16,0.45714285714285713,self_attn.o_proj,,18.220500946044922,1.2589308023452759,209.4676242392041,58.30026239310556,0.019277583807706833
qwen3,model.layers.16.self_attn.q_proj.weight,16,0.45714285714285713,self_attn.q_proj,,24.206748962402344,3.6098318099975586,44.96752630463876,47.04917954963755,0.08499419689178467
qwen3,model.layers.16.self_attn.v_proj.weight,16,0.45714285714285713,self_attn.v_proj,,8.841232299804688,0.7155594825744629,152.6631153169483,59.72118831464703,0.010157538577914238
qwen3,model.layers.17.mlp.down_proj.weight,17,0.4857142857142857,mlp.down_proj,,36.7965087890625,1.2891504764556885,814.7155464160002,62.25099781428999,0.07060793042182922
qwen3,model.layers.17.mlp.gate_proj.weight,17,0.4857142857142857,mlp.gate_proj,,41.996891021728516,2.7513022422790527,233.00094282662536,56.131228643496115,0.05363360047340393
qwen3,model.layers.17.mlp.up_proj.weight,17,0.4857142857142857,mlp.up_proj,,37.661624908447266,2.5078799724578857,225.51976633452196,55.46714920724767,0.003652808256447315
qwen3,model.layers.17.self_attn.k_proj.weight,17,0.4857142857142857,self_attn.k_proj,,11.746747016906738,1.2454711198806763,88.954497016291,55.72389821264374,0.053557753562927246
qwen3,model.layers.17.self_attn.o_proj.weight,17,0.4857142857142857,self_attn.o_proj,,17.641416549682617,1.073787808418274,269.9168343773284,59.893753180915404,0.029120154678821564
qwen3,model.layers.17.self_attn.q_proj.weight,17,0.4857142857142857,self_attn.q_proj,,25.108699798583984,2.7980079650878906,80.52867541393309,52.41879614611189,0.07639553397893906
qwen3,model.layers.17.self_attn.v_proj.weight,17,0.4857142857142857,self_attn.v_proj,,9.027347564697266,0.6298837661743164,205.39955402505095,60.50889358767851,0.03099319525063038
qwen3,model.layers.18.mlp.down_proj.weight,18,0.5142857142857142,mlp.down_proj,,37.39604949951172,1.2035719156265259,965.4001487006357,62.45677730195341,0.11304114758968353
qwen3,model.layers.18.mlp.gate_proj.weight,18,0.5142857142857142,mlp.gate_proj,,42.05970764160156,2.760525703430176,232.1394272867451,55.938954491080985,0.05134667083621025
qwen3,model.layers.18.mlp.up_proj.weight,18,0.5142857142857142,mlp.up_proj,,38.103397369384766,2.4854001998901367,235.03619187944668,55.70596552169636,0.013551113195717335
qwen3,model.layers.18.self_attn.k_proj.weight,18,0.5142857142857142,self_attn.k_proj,,11.265176773071289,1.669528603553772,45.52901911822786,51.804343797184636,0.012338262982666492
qwen3,model.layers.18.self_attn.o_proj.weight,18,0.5142857142857142,self_attn.o_proj,,16.696956634521484,0.8909106254577637,351.241935187739,60.468051686852846,0.01790156587958336
qwen3,model.layers.18.self_attn.q_proj.weight,18,0.5142857142857142,self_attn.q_proj,,24.345882415771484,3.554597854614258,46.91050318745402,47.17205807193762,0.04634954407811165
qwen3,model.layers.18.self_attn.v_proj.weight,18,0.5142857142857142,self_attn.v_proj,,8.796497344970703,0.6466794013977051,185.02972213174365,60.56085108218227,0.017211144790053368
qwen3,model.layers.19.mlp.down_proj.weight,19,0.5428571428571428,mlp.down_proj,,37.41360855102539,1.1444319486618042,1068.7576820276079,62.503373272689096,0.048134416341781616
qwen3,model.layers.19.mlp.gate_proj.weight,19,0.5428571428571428,mlp.gate_proj,,42.23666000366211,2.6756246089935303,249.18894531028567,56.512237449488524,0.048261042684316635
qwen3,model.layers.19.mlp.up_proj.weight,19,0.5428571428571428,mlp.up_proj,,38.432308197021484,2.4419636726379395,247.69345951380632,56.05026805228871,0.020094363018870354
qwen3,model.layers.19.self_attn.k_proj.weight,19,0.5428571428571428,self_attn.k_proj,,11.768728256225586,1.5244919061660767,59.59486276589806,55.60548995864894,0.047956448048353195
qwen3,model.layers.19.self_attn.o_proj.weight,19,0.5428571428571428,self_attn.o_proj,,17.822965621948242,1.1483581066131592,240.88250433706108,58.58761124459186,0.009433596394956112
qwen3,model.layers.19.self_attn.q_proj.weight,19,0.5428571428571428,self_attn.q_proj,,25.144454956054688,3.110321521759033,65.35425694188734,51.83256143301844,0.0720454752445221
qwen3,model.layers.19.self_attn.v_proj.weight,19,0.5428571428571428,self_attn.v_proj,,9.167835235595703,0.8997641205787659,103.81886030798861,55.888750320373966,0.005450977012515068
qwen3,model.layers.2.mlp.down_proj.weight,2,0.05714285714285714,mlp.down_proj,,22.494382858276367,3.685457944869995,37.253342538393774,32.112731979249695,0.33193936944007874
qwen3,model.layers.2.mlp.gate_proj.weight,2,0.05714285714285714,mlp.gate_proj,,25.2866153717041,4.234510898590088,35.65947093063718,44.12335402623565,0.08255257457494736
qwen3,model.layers.2.mlp.up_proj.weight,2,0.05714285714285714,mlp.up_proj,,22.77130699157715,3.3402459621429443,46.47495963231013,43.9995518694611,0.015060273930430412
qwen3,model.layers.2.self_attn.k_proj.weight,2,0.05714285714285714,self_attn.k_proj,,11.028520584106445,2.1409807205200195,26.53438359398009,47.91337913050685,0.09461388736963272
qwen3,model.layers.2.self_attn.o_proj.weight,2,0.05714285714285714,self_attn.o_proj,,20.159128189086914,1.6355632543563843,151.91784923105553,57.3787778421165,0.004460916854441166
qwen3,model.layers.2.self_attn.q_proj.weight,2,0.05714285714285714,self_attn.q_proj,,22.015993118286133,2.8177223205566406,61.04922809429889,52.41662160622562,0.17742937803268433
qwen3,model.layers.2.self_attn.v_proj.weight,2,0.05714285714285714,self_attn.v_proj,,10.0464448928833,1.0366134643554688,93.92714499784847,57.687436172259524,0.011042753234505653
qwen3,model.layers.20.mlp.down_proj.weight,20,0.5714285714285714,mlp.down_proj,,37.53287124633789,1.1482322216033936,1068.4743929312037,62.52763838132419,0.039149947464466095
qwen3,model.layers.20.mlp.gate_proj.weight,20,0.5714285714285714,mlp.gate_proj,,42.37139129638672,2.605370283126831,264.4883447675328,56.73712642077327,0.031606778502464294
qwen3,model.layers.20.mlp.up_proj.weight,20,0.5714285714285714,mlp.up_proj,,38.614418029785156,2.3476927280426025,270.53065137166084,56.32703750420895,0.05691387504339218
qwen3,model.layers.20.self_attn.k_proj.weight,20,0.5714285714285714,self_attn.k_proj,,11.353971481323242,1.096073865890503,107.30401009336414,59.48183358471087,0.025960765779018402
qwen3,model.layers.20.self_attn.o_proj.weight,20,0.5714285714285714,self_attn.o_proj,,19.148252487182617,1.0984405279159546,303.88215281062173,60.55230389680556,0.04534982889890671
qwen3,model.layers.20.self_attn.q_proj.weight,20,0.5714285714285714,self_attn.q_proj,,25.335010528564453,2.5579683780670166,98.09612122448911,55.35833992265712,0.09483101963996887
qwen3,model.layers.20.self_attn.v_proj.weight,20,0.5714285714285714,self_attn.v_proj,,9.206558227539062,0.6096552610397339,228.04783661143838,61.22524781376526,0.04247915744781494
qwen3,model.layers.21.mlp.down_proj.weight,21,0.6,mlp.down_proj,,37.24803924560547,1.340716004371643,771.8505982537935,61.90623130933939,0.019065700471401215
qwen3,model.layers.21.mlp.gate_proj.weight,21,0.6,mlp.gate_proj,,41.897762298583984,2.552164316177368,269.5034894757635,56.7357466646738,0.013488978147506714
qwen3,model.layers.21.mlp.up_proj.weight,21,0.6,mlp.up_proj,,38.010982513427734,2.346264362335205,262.4607120272155,56.218953990383035,0.08276630938053131
qwen3,model.layers.21.self_attn.k_proj.weight,21,0.6,self_attn.k_proj,,11.604796409606934,1.049980640411377,122.1553432242613,59.11208269918793,0.09137324243783951
qwen3,model.layers.21.self_attn.o_proj.weight,21,0.6,self_attn.o_proj,,17.82590103149414,0.9389069676399231,360.46064714880583,60.47874982967836,0.005266709253191948
qwen3,model.layers.21.self_attn.q_proj.weight,21,0.6,self_attn.q_proj,,25.068904876708984,2.1761515140533447,132.70658254423944,55.38529773301448,0.043263621628284454
qwen3,model.layers.21.self_attn.v_proj.weight,21,0.6,self_attn.v_proj,,9.036463737487793,0.5665203928947449,254.4285980864965,61.449227785230775,0.025462664663791656
qwen3,model.layers.22.mlp.down_proj.weight,22,0.6285714285714286,mlp.down_proj,,34.614585876464844,1.554458737373352,495.86092207190273,60.72489584926875,0.07465624809265137
qwen3,model.layers.22.mlp.gate_proj.weight,22,0.6285714285714286,mlp.gate_proj,,41.04439926147461,2.6328647136688232,243.0248697922752,56.046098818674785,0.02956729382276535
qwen3,model.layers.22.mlp.up_proj.weight,22,0.6285714285714286,mlp.up_proj,,36.47922897338867,2.3933510780334473,232.3156579714202,55.2409455149434,0.03349537029862404
qwen3,model.layers.22.self_attn.k_proj.weight,22,0.6285714285714286,self_attn.k_proj,,10.895503997802734,1.0820660591125488,101.38812674580751,58.53636972958121,0.03115818463265896
qwen3,model.layers.22.self_attn.o_proj.weight,22,0.6285714285714286,self_attn.o_proj,,17.502735137939453,1.324474573135376,174.63230692036657,57.902118177433465,0.005824987776577473
qwen3,model.layers.22.self_attn.q_proj.weight,22,0.6285714285714286,self_attn.q_proj,,25.145469665527344,2.2062127590179443,129.90465676633028,55.63691883240487,0.022863972932100296
qwen3,model.layers.22.self_attn.v_proj.weight,22,0.6285714285714286,self_attn.v_proj,,8.468400955200195,0.5704783201217651,220.3558252081569,60.734683727736346,0.014814331196248531
qwen3,model.layers.23.mlp.down_proj.weight,23,0.6571428571428571,mlp.down_proj,,34.44221115112305,1.4559743404388428,559.5960076073517,60.54930111805634,0.0022145670372992754
qwen3,model.layers.23.mlp.gate_proj.weight,23,0.6571428571428571,mlp.gate_proj,,40.45530319213867,2.4818620681762695,265.70249813250507,56.75720431510986,0.05041889101266861
qwen3,model.layers.23.mlp.up_proj.weight,23,0.6571428571428571,mlp.up_proj,,36.39512252807617,2.146486520767212,287.4948308164433,56.1824543201784,0.04238990321755409
qwen3,model.layers.23.self_attn.k_proj.weight,23,0.6571428571428571,self_attn.k_proj,,9.999095916748047,1.4612369537353516,46.825257613704366,52.54422205630678,0.09211937338113785
qwen3,model.layers.23.self_attn.o_proj.weight,23,0.6571428571428571,self_attn.o_proj,,16.2966251373291,1.795761227607727,82.3565548265311,47.22047743360713,0.0029182275757193565
qwen3,model.layers.23.self_attn.q_proj.weight,23,0.6571428571428571,self_attn.q_proj,,22.980125427246094,3.3032147884368896,48.39841744908401,46.98134080804047,0.057596683502197266
qwen3,model.layers.23.self_attn.v_proj.weight,23,0.6571428571428571,self_attn.v_proj,,7.52435302734375,0.7450717687606812,101.9863645721411,56.57937566445149,0.02551640197634697
qwen3,model.layers.24.mlp.down_proj.weight,24,0.6857142857142857,mlp.down_proj,,34.83462905883789,1.2107445001602173,827.7846534995109,61.459835762357315,0.006439652293920517
qwen3,model.layers.24.mlp.gate_proj.weight,24,0.6857142857142857,mlp.gate_proj,,39.37557601928711,2.0889055728912354,355.31719345147775,57.26777503789426,0.008016662672162056
qwen3,model.layers.24.mlp.up_proj.weight,24,0.6857142857142857,mlp.up_proj,,36.201263427734375,1.8210612535476685,395.1830850995919,57.20407501270766,0.03644700348377228
qwen3,model.layers.24.self_attn.k_proj.weight,24,0.6857142857142857,self_attn.k_proj,,11.332717895507812,1.4395077228546143,61.97837105613024,55.93948796906665,0.06039831042289734
qwen3,model.layers.24.self_attn.o_proj.weight,24,0.6857142857142857,self_attn.o_proj,,20.157421112060547,1.4687490463256836,188.35395438303132,58.25091096995602,0.03363244608044624
qwen3,model.layers.24.self_attn.q_proj.weight,24,0.6857142857142857,self_attn.q_proj,,26.163272857666016,2.6608095169067383,96.68443653911538,54.28066266350865,0.06726862490177155
qwen3,model.layers.24.self_attn.v_proj.weight,24,0.6857142857142857,self_attn.v_proj,,9.157261848449707,1.1111879348754883,67.91351849994817,57.80481996665924,0.01716746762394905
qwen3,model.layers.25.mlp.down_proj.weight,25,0.7142857142857143,mlp.down_proj,,35.2432975769043,1.0972280502319336,1031.713873204992,62.11925323432481,0.010510807856917381
qwen3,model.layers.25.mlp.gate_proj.weight,25,0.7142857142857143,mlp.gate_proj,,39.4492073059082,1.8600786924362183,449.7942777671454,57.89753511849518,0.009692709892988205
qwen3,model.layers.25.mlp.up_proj.weight,25,0.7142857142857143,mlp.up_proj,,36.66337966918945,1.6906646490097046,470.27300385015775,57.92586754474807,0.0060654208064079285
qwen3,model.layers.25.self_attn.k_proj.weight,25,0.7142857142857143,self_attn.k_proj,,11.298107147216797,0.972160816192627,135.0626147779592,59.16834219536883,0.046356379985809326
qwen3,model.layers.25.self_attn.o_proj.weight,25,0.7142857142857143,self_attn.o_proj,,20.124099731445312,1.2132915258407593,275.1076032282514,58.51211895157167,0.006110566668212414
qwen3,model.layers.25.self_attn.q_proj.weight,25,0.7142857142857143,self_attn.q_proj,,24.78805923461914,1.9250037670135498,165.81426232066886,56.9709508608176,0.07910095900297165
qwen3,model.layers.25.self_attn.v_proj.weight,25,0.7142857142857143,self_attn.v_proj,,9.337594032287598,0.896338701248169,108.52397180831672,56.852224080458896,0.009103033691644669
qwen3,model.layers.26.mlp.down_proj.weight,26,0.7428571428571429,mlp.down_proj,,36.57958984375,1.1238967180252075,1059.3143539194477,62.46717198440855,0.0344739705324173
qwen3,model.layers.26.mlp.gate_proj.weight,26,0.7428571428571429,mlp.gate_proj,,40.00279998779297,1.6445907354354858,591.6503185784521,59.82516384496433,0.12179219722747803
qwen3,model.layers.26.mlp.up_proj.weight,26,0.7428571428571429,mlp.up_proj,,37.818084716796875,1.5931082963943481,563.518868377613,60.04762953950222,0.0168069526553154
qwen3,model.layers.26.self_attn.k_proj.weight,26,0.7428571428571429,self_attn.k_proj,,11.826457023620605,1.1065378189086914,114.22910984514161,59.732551831019315,0.017839141190052032
qwen3,model.layers.26.self_attn.o_proj.weight,26,0.7428571428571429,self_attn.o_proj,,22.602144241333008,1.3406070470809937,284.247260870783,59.29402629981305,0.0033538704738020897
qwen3,model.layers.26.self_attn.q_proj.weight,26,0.7428571428571429,self_attn.q_proj,,26.39448356628418,1.9394866228103638,185.20502297045843,57.71682167810756,0.01994253322482109
qwen3,model.layers.26.self_attn.v_proj.weight,26,0.7428571428571429,self_attn.v_proj,,9.672454833984375,0.8241395354270935,137.74375685273387,59.453533896727734,0.006135081872344017
qwen3,model.layers.27.mlp.down_proj.weight,27,0.7714285714285715,mlp.down_proj,,37.104835510253906,0.9868666529655457,1413.6570819682358,62.781165321021454,0.03061024099588394
qwen3,model.layers.27.mlp.gate_proj.weight,27,0.7714285714285715,mlp.gate_proj,,40.03914260864258,1.5892301797866821,634.7400919140646,60.499055552436936,0.12877821922302246
qwen3,model.layers.27.mlp.up_proj.weight,27,0.7714285714285715,mlp.up_proj,,38.23198699951172,1.5238722562789917,629.4432998118208,60.56087995985328,0.0035957572981715202
qwen3,model.layers.27.self_attn.k_proj.weight,27,0.7714285714285715,self_attn.k_proj,,12.159869194030762,0.8210393786430359,219.34605701815008,61.497417967741846,0.005882645957171917
qwen3,model.layers.27.self_attn.o_proj.weight,27,0.7714285714285715,self_attn.o_proj,,22.877592086791992,1.0892539024353027,441.125714908712,61.51976710933898,0.005234211683273315
qwen3,model.layers.27.self_attn.q_proj.weight,27,0.7714285714285715,self_attn.q_proj,,27.47123146057129,1.6429654359817505,279.5756878888768,60.302457880285715,0.1112978607416153
qwen3,model.layers.27.self_attn.v_proj.weight,27,0.7714285714285715,self_attn.v_proj,,9.884336471557617,0.5921805500984192,278.60362530011344,62.16749456715608,0.015000902116298676
qwen3,model.layers.28.mlp.down_proj.weight,28,0.8,mlp.down_proj,,37.912662506103516,1.0020291805267334,1431.554319475339,62.80958138637854,0.03331030532717705
qwen3,model.layers.28.mlp.gate_proj.weight,28,0.8,mlp.gate_proj,,39.974979400634766,1.585546612739563,635.650611187016,60.593520528882124,0.09346696734428406
qwen3,model.layers.28.mlp.up_proj.weight,28,0.8,mlp.up_proj,,38.736820220947266,1.5598315000534058,616.7264335295946,60.560244654271834,0.07584233582019806
qwen3,model.layers.28.self_attn.k_proj.weight,28,0.8,self_attn.k_proj,,12.223136901855469,0.996649980545044,150.4111482586009,60.438619936248,0.029314737766981125
qwen3,model.layers.28.self_attn.o_proj.weight,28,0.8,self_attn.o_proj,,21.93517303466797,1.406285047531128,243.29624778950583,59.089706586352136,0.0008812197484076023
qwen3,model.layers.28.self_attn.q_proj.weight,28,0.8,self_attn.q_proj,,26.55438804626465,1.724096655845642,237.21894816773522,58.75869377623203,0.036550454795360565
qwen3,model.layers.28.self_attn.v_proj.weight,28,0.8,self_attn.v_proj,,10.58873462677002,0.6774987578392029,244.2705565215408,61.78219801100389,0.036973997950553894
qwen3,model.layers.29.mlp.down_proj.weight,29,0.8285714285714286,mlp.down_proj,,38.28228759765625,1.0404772758483887,1353.725357314417,62.773741534652146,0.21617752313613892
qwen3,model.layers.29.mlp.gate_proj.weight,29,0.8285714285714286,mlp.gate_proj,,39.988983154296875,1.517214059829712,694.6835336352178,60.68969569706618,0.21937549114227295
qwen3,model.layers.29.mlp.up_proj.weight,29,0.8285714285714286,mlp.up_proj,,39.05585861206055,1.5085409879684448,670.2829159320529,60.88459449958109,0.043494898825883865
qwen3,model.layers.29.self_attn.k_proj.weight,29,0.8285714285714286,self_attn.k_proj,,12.885642051696777,0.9264441132545471,193.45220032933963,60.95352651555331,0.013123495504260063
qwen3,model.layers.29.self_attn.o_proj.weight,29,0.8285714285714286,self_attn.o_proj,,27.963987350463867,1.741730809211731,257.77222833392744,59.64747768097988,0.006583156995475292
qwen3,model.layers.29.self_attn.q_proj.weight,29,0.8285714285714286,self_attn.q_proj,,29.082866668701172,2.7712981700897217,110.13057698237023,53.98389958797353,0.05837807059288025
qwen3,model.layers.29.self_attn.v_proj.weight,29,0.8285714285714286,self_attn.v_proj,,11.627187728881836,0.8020147085189819,210.1767648356332,60.7801688212326,0.030760733410716057
qwen3,model.layers.3.mlp.down_proj.weight,3,0.08571428571428572,mlp.down_proj,,27.36463737487793,4.019359111785889,46.351711467257,35.763494337189925,0.17602795362472534
qwen3,model.layers.3.mlp.gate_proj.weight,3,0.08571428571428572,mlp.gate_proj,,31.100889205932617,7.006597995758057,19.702948002401797,32.03432045399522,0.1347791701555252
qwen3,model.layers.3.mlp.up_proj.weight,3,0.08571428571428572,mlp.up_proj,,27.783639907836914,3.5009844303131104,62.97931381841235,46.55871555810966,0.0010381636675447226
qwen3,model.layers.3.self_attn.k_proj.weight,3,0.08571428571428572,self_attn.k_proj,,12.013018608093262,2.292360782623291,27.462391846989743,49.24286661535873,0.129088893532753
qwen3,model.layers.3.self_attn.o_proj.weight,3,0.08571428571428572,self_attn.o_proj,,20.584753036499023,1.7913213968276978,132.0517907409853,56.51692644544743,0.027465391904115677
qwen3,model.layers.3.self_attn.q_proj.weight,3,0.08571428571428572,self_attn.q_proj,,23.626455307006836,4.195074081420898,31.718881837427432,46.59155119989847,0.09209208190441132
qwen3,model.layers.3.self_attn.v_proj.weight,3,0.08571428571428572,self_attn.v_proj,,10.681968688964844,1.1988587379455566,79.39014136251994,56.46162645989769,0.00589856319129467
qwen3,model.layers.30.mlp.down_proj.weight,30,0.8571428571428571,mlp.down_proj,,39.40275192260742,1.013726830482483,1510.8147855725003,62.83078952526417,0.16867907345294952
qwen3,model.layers.30.mlp.gate_proj.weight,30,0.8571428571428571,mlp.gate_proj,,40.02115249633789,1.5483907461166382,668.0639663270871,60.69551273533432,0.046596165746450424
qwen3,model.layers.30.mlp.up_proj.weight,30,0.8571428571428571,mlp.up_proj,,39.58879852294922,1.6109033823013306,603.9564954985009,60.69340001517148,0.0225547906011343
qwen3,model.layers.30.self_attn.k_proj.weight,30,0.8571428571428571,self_attn.k_proj,,12.474135398864746,0.8694443106651306,205.84359948243053,61.152625874140895,0.05954809486865997
qwen3,model.layers.30.self_attn.o_proj.weight,30,0.8571428571428571,self_attn.o_proj,,25.11568260192871,1.2142354249954224,427.8427467892658,61.60801107970129,0.015602212399244308
qwen3,model.layers.30.self_attn.q_proj.weight,30,0.8571428571428571,self_attn.q_proj,,27.6243896484375,1.8160202503204346,231.38969222289708,58.89976703078162,0.051738325506448746
qwen3,model.layers.30.self_attn.v_proj.weight,30,0.8571428571428571,self_attn.v_proj,,10.901374816894531,0.6353116631507874,294.43462949949196,62.1797682999756,0.03422398492693901
qwen3,model.layers.31.mlp.down_proj.weight,31,0.8857142857142857,mlp.down_proj,,40.81209182739258,1.0496551990509033,1511.7653529860506,62.85026657933894,0.19110384583473206
qwen3,model.layers.31.mlp.gate_proj.weight,31,0.8857142857142857,mlp.gate_proj,,40.466915130615234,1.5844961404800415,652.2556140008082,60.73338051678865,0.1620824933052063
qwen3,model.layers.31.mlp.up_proj.weight,31,0.8857142857142857,mlp.up_proj,,40.30942153930664,1.6604691743850708,589.3204292580816,60.70966696273495,0.027754757553339005
qwen3,model.layers.31.self_attn.k_proj.weight,31,0.8857142857142857,self_attn.k_proj,,12.578147888183594,0.8772740960121155,205.5714417487691,61.474402736102604,0.0710257962346077
qwen3,model.layers.31.self_attn.o_proj.weight,31,0.8857142857142857,self_attn.o_proj,,25.906583786010742,1.1826410293579102,479.8598476807584,61.90071146664707,0.00609673373401165
qwen3,model.layers.31.self_attn.q_proj.weight,31,0.8857142857142857,self_attn.q_proj,,27.208784103393555,1.8781821727752686,209.86636539798556,58.95205752548748,0.026091068983078003
qwen3,model.layers.31.self_attn.v_proj.weight,31,0.8857142857142857,self_attn.v_proj,,12.02247142791748,0.6712981462478638,320.7425749451494,62.335772448520785,0.021794360131025314
qwen3,model.layers.32.mlp.down_proj.weight,32,0.9142857142857143,mlp.down_proj,,42.399314880371094,1.0919897556304932,1507.580633317219,62.86294488979787,0.14152058959007263
qwen3,model.layers.32.mlp.gate_proj.weight,32,0.9142857142857143,mlp.gate_proj,,42.49369430541992,1.7056665420532227,620.6699474666142,60.57119016839595,0.1668137013912201
qwen3,model.layers.32.mlp.up_proj.weight,32,0.9142857142857143,mlp.up_proj,,42.47755432128906,1.8380693197250366,534.066375349709,60.25422720678577,0.0454833060503006
qwen3,model.layers.32.self_attn.k_proj.weight,32,0.9142857142857143,self_attn.k_proj,,12.9927396774292,0.9406797885894775,190.77341247101546,61.225568953812434,0.0027320210356265306
qwen3,model.layers.32.self_attn.o_proj.weight,32,0.9142857142857143,self_attn.o_proj,,25.895713806152344,1.250907301902771,428.55396555197257,61.50633318711688,0.03814683482050896
qwen3,model.layers.32.self_attn.q_proj.weight,32,0.9142857142857143,self_attn.q_proj,,28.34857940673828,1.834795355796814,238.7191925261525,59.57223884570459,0.0374760627746582
qwen3,model.layers.32.self_attn.v_proj.weight,32,0.9142857142857143,self_attn.v_proj,,12.06531810760498,0.6986575126647949,298.22832325474985,62.17425371446164,0.025085216388106346
qwen3,model.layers.33.mlp.down_proj.weight,33,0.9428571428571428,mlp.down_proj,,42.681922912597656,1.191094160079956,1284.0908861469475,62.76589961715189,0.3955535292625427
qwen3,model.layers.33.mlp.gate_proj.weight,33,0.9428571428571428,mlp.gate_proj,,44.55931091308594,1.8135675191879272,603.6837339786981,60.577920186697845,0.07885092496871948
qwen3,model.layers.33.mlp.up_proj.weight,33,0.9428571428571428,mlp.up_proj,,43.8527717590332,1.8574246168136597,557.4060820080111,60.38714164023687,0.030955757945775986
qwen3,model.layers.33.self_attn.k_proj.weight,33,0.9428571428571428,self_attn.k_proj,,13.412189483642578,1.131460428237915,140.5143315595438,60.26408290162215,0.03968920186161995
qwen3,model.layers.33.self_attn.o_proj.weight,33,0.9428571428571428,self_attn.o_proj,,26.78624153137207,1.4394124746322632,346.3004347390482,60.613720271326876,0.030099721625447273
qwen3,model.layers.33.self_attn.q_proj.weight,33,0.9428571428571428,self_attn.q_proj,,28.92352867126465,2.6360890865325928,120.38777427724594,56.41202916463067,0.10848727822303772
qwen3,model.layers.33.self_attn.v_proj.weight,33,0.9428571428571428,self_attn.v_proj,,13.615913391113281,0.8468415141105652,258.517103054415,62.07732438338186,0.010876821354031563
qwen3,model.layers.34.mlp.down_proj.weight,34,0.9714285714285714,mlp.down_proj,,41.287899017333984,1.9940365552902222,428.7255205977946,60.10354705997509,0.8490500450134277
qwen3,model.layers.34.mlp.gate_proj.weight,34,0.9714285714285714,mlp.gate_proj,,45.06215286254883,2.184497356414795,425.52083153434313,59.09111541153496,0.026123186573386192
qwen3,model.layers.34.mlp.up_proj.weight,34,0.9714285714285714,mlp.up_proj,,43.01441192626953,1.9980539083480835,463.4614079039205,58.95186075209482,0.04418302699923515
qwen3,model.layers.34.self_attn.k_proj.weight,34,0.9714285714285714,self_attn.k_proj,,12.676201820373535,1.1683692932128906,117.71126346272563,59.68904611622353,0.05438704416155815
qwen3,model.layers.34.self_attn.o_proj.weight,34,0.9714285714285714,self_attn.o_proj,,25.746906280517578,1.5334889888763428,281.89591373497683,60.72512749680474,0.011737167835235596
qwen3,model.layers.34.self_attn.q_proj.weight,34,0.9714285714285714,self_attn.q_proj,,29.086490631103516,2.2058286666870117,173.8757827615317,58.115492993255344,0.003386682365089655
qwen3,model.layers.34.self_attn.v_proj.weight,34,0.9714285714285714,self_attn.v_proj,,11.81821060180664,0.8011904358863831,217.58649537916318,61.370516412091185,0.058217793703079224
qwen3,model.layers.35.mlp.down_proj.weight,35,1.0,mlp.down_proj,,39.11254119873047,3.0413904190063477,165.381802208371,50.380373212583535,0.09210997819900513
qwen3,model.layers.35.mlp.gate_proj.weight,35,1.0,mlp.gate_proj,,42.58063507080078,2.188288688659668,378.63001438456234,57.92026071128593,0.02207218110561371
qwen3,model.layers.35.mlp.up_proj.weight,35,1.0,mlp.up_proj,,40.998313903808594,2.0715982913970947,391.6705377730542,58.19291538042977,0.2769099771976471
qwen3,model.layers.35.self_attn.k_proj.weight,35,1.0,self_attn.k_proj,,12.509773254394531,1.0184082984924316,150.88810939534739,60.030165985417014,0.20285995304584503
qwen3,model.layers.35.self_attn.o_proj.weight,35,1.0,self_attn.o_proj,,24.560256958007812,2.0364818572998047,145.4469845361704,56.51468969195074,0.020450472831726074
qwen3,model.layers.35.self_attn.q_proj.weight,35,1.0,self_attn.q_proj,,28.127830505371094,1.924804925918579,213.5497316055316,58.64141417783022,0.2054288387298584
qwen3,model.layers.35.self_attn.v_proj.weight,35,1.0,self_attn.v_proj,,10.765735626220703,0.9577372670173645,126.35564461830761,59.51616289697541,0.045827142894268036
qwen3,model.layers.4.mlp.down_proj.weight,4,0.11428571428571428,mlp.down_proj,,31.42594337463379,2.262411117553711,192.94502934391403,54.65118186447378,0.8343026638031006
qwen3,model.layers.4.mlp.gate_proj.weight,4,0.11428571428571428,mlp.gate_proj,,37.313507080078125,4.56580924987793,66.78771926786057,47.49246875822252,0.1193457543849945
qwen3,model.layers.4.mlp.up_proj.weight,4,0.11428571428571428,mlp.up_proj,,31.688629150390625,3.1644279956817627,100.28049474436081,49.91883983350417,0.04706750065088272
qwen3,model.layers.4.self_attn.k_proj.weight,4,0.11428571428571428,self_attn.k_proj,,11.190886497497559,1.990700602531433,31.60218318259102,50.079674478742376,0.06244944781064987
qwen3,model.layers.4.self_attn.o_proj.weight,4,0.11428571428571428,self_attn.o_proj,,19.77564811706543,1.337723731994629,218.538817070622,58.174937101361714,0.022443320602178574
qwen3,model.layers.4.self_attn.q_proj.weight,4,0.11428571428571428,self_attn.q_proj,,22.490116119384766,3.2450783252716064,48.032260747813076,49.625048487996644,0.10908079147338867
qwen3,model.layers.4.self_attn.v_proj.weight,4,0.11428571428571428,self_attn.v_proj,,9.73890209197998,0.7559567093849182,165.96868297767062,59.789487383684985,0.049680717289447784
qwen3,model.layers.5.mlp.down_proj.weight,5,0.14285714285714285,mlp.down_proj,,33.17488098144531,1.3835558891296387,574.9437170088971,60.11719058006114,0.0215394776314497
qwen3,model.layers.5.mlp.gate_proj.weight,5,0.14285714285714285,mlp.gate_proj,,38.009891510009766,3.2979485988616943,132.83285128197002,51.17460270962139,0.08027485013008118
qwen3,model.layers.5.mlp.up_proj.weight,5,0.14285714285714285,mlp.up_proj,,33.02525329589844,2.3560612201690674,196.48037232171455,54.71858776034682,0.04825897514820099
qwen3,model.layers.5.self_attn.k_proj.weight,5,0.14285714285714285,self_attn.k_proj,,10.742053985595703,2.066610097885132,27.018271847597152,47.78835306105392,0.05141158774495125
qwen3,model.layers.5.self_attn.o_proj.weight,5,0.14285714285714285,self_attn.o_proj,,18.49775505065918,1.319275140762329,196.5926560535368,57.54748294298535,0.09470148384571075
qwen3,model.layers.5.self_attn.q_proj.weight,5,0.14285714285714285,self_attn.q_proj,,21.939756393432617,3.770073413848877,33.86600653048616,44.626864870989785,0.09916013479232788
qwen3,model.layers.5.self_attn.v_proj.weight,5,0.14285714285714285,self_attn.v_proj,,9.349703788757324,0.9456549286842346,97.75305147546678,57.041979510271226,0.016838867217302322
qwen3,model.layers.6.mlp.down_proj.weight,6,0.17142857142857143,mlp.down_proj,,34.026039123535156,1.3447248935699463,640.2593137799857,60.628404709839025,0.07302185893058777
qwen3,model.layers.6.mlp.gate_proj.weight,6,0.17142857142857143,mlp.gate_proj,,37.68648910522461,2.761323928833008,186.26731212448234,53.735936355211756,0.035889219492673874
qwen3,model.layers.6.mlp.up_proj.weight,6,0.17142857142857143,mlp.up_proj,,33.74723815917969,2.1717705726623535,241.46188374989583,55.478708536199136,0.021815506741404533
qwen3,model.layers.6.self_attn.k_proj.weight,6,0.17142857142857143,self_attn.k_proj,,12.200285911560059,2.8556647300720215,18.252635514702483,42.05124438468438,0.0400041863322258
qwen3,model.layers.6.self_attn.o_proj.weight,6,0.17142857142857143,self_attn.o_proj,,18.52829933166504,1.1420096158981323,263.2277036518177,58.830352283703974,0.06850087642669678
qwen3,model.layers.6.self_attn.q_proj.weight,6,0.17142857142857143,self_attn.q_proj,,23.82498550415039,3.8745012283325195,37.81235131871278,46.680813961839384,0.05138401314616203
qwen3,model.layers.6.self_attn.v_proj.weight,6,0.17142857142857143,self_attn.v_proj,,9.177703857421875,0.8089330196380615,128.71908787042722,59.09768097987022,0.011727680452167988
qwen3,model.layers.7.mlp.down_proj.weight,7,0.2,mlp.down_proj,,34.37279510498047,1.3291107416152954,668.8170912148539,61.01078219044022,0.11640281975269318
qwen3,model.layers.7.mlp.gate_proj.weight,7,0.2,mlp.gate_proj,,37.788490295410156,2.624366283416748,207.33383658476765,53.77910330664444,0.11867224425077438
qwen3,model.layers.7.mlp.up_proj.weight,7,0.2,mlp.up_proj,,33.7244987487793,2.1116769313812256,255.0563002485055,55.63798003253592,0.01588650606572628
qwen3,model.layers.7.self_attn.k_proj.weight,7,0.2,self_attn.k_proj,,11.486490249633789,2.3386309146881104,24.1241113156335,46.74145384115513,0.11404243856668472
qwen3,model.layers.7.self_attn.o_proj.weight,7,0.2,self_attn.o_proj,,20.415742874145508,1.9830803871154785,105.9863012011371,52.88818358229309,0.005684894509613514
qwen3,model.layers.7.self_attn.q_proj.weight,7,0.2,self_attn.q_proj,,22.26369285583496,3.748938798904419,35.26774585894008,45.140350882778144,0.09635115414857864
qwen3,model.layers.7.self_attn.v_proj.weight,7,0.2,self_attn.v_proj,,10.14401912689209,0.9929328560829163,104.37112277162502,56.568773852415454,0.008882720023393631
qwen3,model.layers.8.mlp.down_proj.weight,8,0.22857142857142856,mlp.down_proj,,35.46590805053711,1.3815276622772217,659.0266803687667,61.0403470347785,0.13644666969776154
qwen3,model.layers.8.mlp.gate_proj.weight,8,0.22857142857142856,mlp.gate_proj,,38.8253288269043,2.733732223510742,201.7057790284438,54.1045173652142,0.09987229108810425
qwen3,model.layers.8.mlp.up_proj.weight,8,0.22857142857142856,mlp.up_proj,,35.35451126098633,2.3443522453308105,227.42800594650933,55.139652236848505,0.013789370656013489
qwen3,model.layers.8.self_attn.k_proj.weight,8,0.22857142857142856,self_attn.k_proj,,11.210189819335938,1.8818690776824951,35.48518883533239,50.47951843413096,0.05980004370212555
qwen3,model.layers.8.self_attn.o_proj.weight,8,0.22857142857142856,self_attn.o_proj,,19.496261596679688,1.0532678365707397,342.62972850537886,60.15710705157976,0.01021345891058445
qwen3,model.layers.8.self_attn.q_proj.weight,8,0.22857142857142856,self_attn.q_proj,,22.622119903564453,3.5086097717285156,41.57157346945662,45.93495620797758,0.0920788049697876
qwen3,model.layers.8.self_attn.v_proj.weight,8,0.22857142857142856,self_attn.v_proj,,9.670878410339355,0.7816085815429688,153.09225075695252,59.68378088676443,0.0019118092022836208
qwen3,model.layers.9.mlp.down_proj.weight,9,0.2571428571428571,mlp.down_proj,,34.15180969238281,1.3622424602508545,628.519299475543,60.83424474571362,0.02897416241466999
qwen3,model.layers.9.mlp.gate_proj.weight,9,0.2571428571428571,mlp.gate_proj,,39.495147705078125,2.8738527297973633,188.86803708269184,53.96252548041059,0.0976499691605568
qwen3,model.layers.9.mlp.up_proj.weight,9,0.2571428571428571,mlp.up_proj,,33.716976165771484,2.3091416358947754,213.2043659039406,55.045342421864284,0.03473585471510887
qwen3,model.layers.9.self_attn.k_proj.weight,9,0.2571428571428571,self_attn.k_proj,,11.539220809936523,1.53083336353302,56.819463691952244,55.48974108017725,0.03559653460979462
qwen3,model.layers.9.self_attn.o_proj.weight,9,0.2571428571428571,self_attn.o_proj,,21.165098190307617,1.7913744449615479,139.5943453425622,57.54358648439474,0.03598187863826752
qwen3,model.layers.9.self_attn.q_proj.weight,9,0.2571428571428571,self_attn.q_proj,,23.551538467407227,3.4968388080596924,45.36149269992888,49.05710881672037,0.11734050512313843
qwen3,model.layers.9.self_attn.v_proj.weight,9,0.2571428571428571,self_attn.v_proj,,10.235325813293457,0.8363292217254639,149.7782667471555,59.5776362790471,0.017217835411429405
